1	/models/Qwen3.8-Flash-Next-NVFP4-RadixArk/.cache/huggingface/.gitignore
191	/models/Qwen3.8-Flash-Next-NVFP4-RadixArk/.cache/huggingface/CACHEDIR.TAG
0	/models/Qwen3.8-Flash-Next-NVFP4-RadixArk/.cache/huggingface/download/.gitattributes.lock
101	/models/Qwen3.8-Flash-Next-NVFP4-RadixArk/.cache/huggingface/download/.gitattributes.metadata
0	/models/Qwen3.8-Flash-Next-NVFP4-RadixArk/.cache/huggingface/download/README.md.lock
101	/models/Qwen3.8-Flash-Next-NVFP4-RadixArk/.cache/huggingface/download/README.md.metadata
0	/models/Qwen3.8-Flash-Next-NVFP4-RadixArk/.cache/huggingface/download/aime26_metrics.json.lock
101	/models/Qwen3.8-Flash-Next-NVFP4-RadixArk/.cache/huggingface/download/aime26_metrics.json.metadata
0	/models/Qwen3.8-Flash-Next-NVFP4-RadixArk/.cache/huggingface/download/audit_unchanged_report.json.lock
100	/models/Qwen3.8-Flash-Next-NVFP4-RadixArk/.cache/huggingface/download/audit_unchanged_report.json.metadata
0	/models/Qwen3.8-Flash-Next-NVFP4-RadixArk/.cache/huggingface/download/chat_template.jinja.lock
101	/models/Qwen3.8-Flash-Next-NVFP4-RadixArk/.cache/huggingface/download/chat_template.jinja.metadata
0	/models/Qwen3.8-Flash-Next-NVFP4-RadixArk/.cache/huggingface/download/config.json.lock
100	/models/Qwen3.8-Flash-Next-NVFP4-RadixArk/.cache/huggingface/download/config.json.metadata
0	/models/Qwen3.8-Flash-Next-NVFP4-RadixArk/.cache/huggingface/download/conversion_environment.json.lock
101	/models/Qwen3.8-Flash-Next-NVFP4-RadixArk/.cache/huggingface/download/conversion_environment.json.metadata
0	/models/Qwen3.8-Flash-Next-NVFP4-RadixArk/.cache/huggingface/download/generation_config.json.lock
101	/models/Qwen3.8-Flash-Next-NVFP4-RadixArk/.cache/huggingface/download/generation_config.json.metadata
0	/models/Qwen3.8-Flash-Next-NVFP4-RadixArk/.cache/huggingface/download/gsm8k_metrics.json.lock
100	/models/Qwen3.8-Flash-Next-NVFP4-RadixArk/.cache/huggingface/download/gsm8k_metrics.json.metadata
0	/models/Qwen3.8-Flash-Next-NVFP4-RadixArk/.cache/huggingface/download/hf_quant_config.json.lock
101	/models/Qwen3.8-Flash-Next-NVFP4-RadixArk/.cache/huggingface/download/hf_quant_config.json.metadata
0	/models/Qwen3.8-Flash-Next-NVFP4-RadixArk/.cache/huggingface/download/layer-00000-experts-0000-0127.complete.json.lock
101	/models/Qwen3.8-Flash-Next-NVFP4-RadixArk/.cache/huggingface/download/layer-00000-experts-0000-0127.complete.json.metadata
0	/models/Qwen3.8-Flash-Next-NVFP4-RadixArk/.cache/huggingface/download/layer-00000-experts-0000-0127.safetensors.lock
125	/models/Qwen3.8-Flash-Next-NVFP4-RadixArk/.cache/huggingface/download/layer-00000-experts-0000-0127.safetensors.metadata
0	/models/Qwen3.8-Flash-Next-NVFP4-RadixArk/.cache/huggingface/download/layer-00000-experts-0128-0255.complete.json.lock
101	/models/Qwen3.8-Flash-Next-NVFP4-RadixArk/.cache/huggingface/download/layer-00000-experts-0128-0255.complete.json.metadata
0	/models/Qwen3.8-Flash-Next-NVFP4-RadixArk/.cache/huggingface/download/layer-00000-experts-0128-0255.safetensors.lock
125	/models/Qwen3.8-Flash-Next-NVFP4-RadixArk/.cache/huggingface/download/layer-00000-experts-0128-0255.safetensors.metadata
0	/models/Qwen3.8-Flash-Next-NVFP4-RadixArk/.cache/huggingface/download/layer-00000-experts-0256-0383.complete.json.lock
100	/models/Qwen3.8-Flash-Next-NVFP4-RadixArk/.cache/huggingface/download/layer-00000-experts-0256-0383.complete.json.metadata
0	/models/Qwen3.8-Flash-Next-NVFP4-RadixArk/.cache/huggingface/download/layer-00000-experts-0256-0383.safetensors.lock
124	/models/Qwen3.8-Flash-Next-NVFP4-RadixArk/.cache/huggingface/download/layer-00000-experts-0256-0383.safetensors.metadata
0	/models/Qwen3.8-Flash-Next-NVFP4-RadixArk/.cache/huggingface/download/layer-00000-experts-0384-0511.complete.json.lock
101	/models/Qwen3.8-Flash-Next-NVFP4-RadixArk/.cache/huggingface/download/layer-00000-experts-0384-0511.complete.json.metadata
0	/models/Qwen3.8-Flash-Next-NVFP4-RadixArk/.cache/huggingface/download/layer-00000-experts-0384-0511.safetensors.lock
125	/models/Qwen3.8-Flash-Next-NVFP4-RadixArk/.cache/huggingface/download/layer-00000-experts-0384-0511.safetensors.metadata
0	/models/Qwen3.8-Flash-Next-NVFP4-RadixArk/.cache/huggingface/download/layer-00001-experts-0000-0127.complete.json.lock
101	/models/Qwen3.8-Flash-Next-NVFP4-RadixArk/.cache/huggingface/download/layer-00001-experts-0000-0127.complete.json.metadata
0	/models/Qwen3.8-Flash-Next-NVFP4-RadixArk/.cache/huggingface/download/layer-00001-experts-0000-0127.safetensors.lock
125	/models/Qwen3.8-Flash-Next-NVFP4-RadixArk/.cache/huggingface/download/layer-00001-experts-0000-0127.safetensors.metadata
0	/models/Qwen3.8-Flash-Next-NVFP4-RadixArk/.cache/huggingface/download/layer-00001-experts-0128-0255.complete.json.lock
101	/models/Qwen3.8-Flash-Next-NVFP4-RadixArk/.cache/huggingface/download/layer-00001-experts-0128-0255.complete.json.metadata
0	/models/Qwen3.8-Flash-Next-NVFP4-RadixArk/.cache/huggingface/download/layer-00001-experts-0128-0255.safetensors.lock
125	/models/Qwen3.8-Flash-Next-NVFP4-RadixArk/.cache/huggingface/download/layer-00001-experts-0128-0255.safetensors.metadata
0	/models/Qwen3.8-Flash-Next-NVFP4-RadixArk/.cache/huggingface/download/layer-00001-experts-0256-0383.complete.json.lock
101	/models/Qwen3.8-Flash-Next-NVFP4-RadixArk/.cache/huggingface/download/layer-00001-experts-0256-0383.complete.json.metadata
0	/models/Qwen3.8-Flash-Next-NVFP4-RadixArk/.cache/huggingface/download/layer-00001-experts-0256-0383.safetensors.lock
124	/models/Qwen3.8-Flash-Next-NVFP4-RadixArk/.cache/huggingface/download/layer-00001-experts-0256-0383.safetensors.metadata
0	/models/Qwen3.8-Flash-Next-NVFP4-RadixArk/.cache/huggingface/download/layer-00001-experts-0384-0511.complete.json.lock
101	/models/Qwen3.8-Flash-Next-NVFP4-RadixArk/.cache/huggingface/download/layer-00001-experts-0384-0511.complete.json.metadata
0	/models/Qwen3.8-Flash-Next-NVFP4-RadixArk/.cache/huggingface/download/layer-00001-experts-0384-0511.safetensors.lock
124	/models/Qwen3.8-Flash-Next-NVFP4-RadixArk/.cache/huggingface/download/layer-00001-experts-0384-0511.safetensors.metadata
0	/models/Qwen3.8-Flash-Next-NVFP4-RadixArk/.cache/huggingface/download/layer-00002-experts-0000-0127.complete.json.lock
101	/models/Qwen3.8-Flash-Next-NVFP4-RadixArk/.cache/huggingface/download/layer-00002-experts-0000-0127.complete.json.metadata
0	/models/Qwen3.8-Flash-Next-NVFP4-RadixArk/.cache/huggingface/download/layer-00002-experts-0000-0127.safetensors.lock
125	/models/Qwen3.8-Flash-Next-NVFP4-RadixArk/.cache/huggingface/download/layer-00002-experts-0000-0127.safetensors.metadata
0	/models/Qwen3.8-Flash-Next-NVFP4-RadixArk/.cache/huggingface/download/layer-00002-experts-0128-0255.complete.json.lock
101	/models/Qwen3.8-Flash-Next-NVFP4-RadixArk/.cache/huggingface/download/layer-00002-experts-0128-0255.complete.json.metadata
0	/models/Qwen3.8-Flash-Next-NVFP4-RadixArk/.cache/huggingface/download/layer-00002-experts-0128-0255.safetensors.lock
124	/models/Qwen3.8-Flash-Next-NVFP4-RadixArk/.cache/huggingface/download/layer-00002-experts-0128-0255.safetensors.metadata
0	/models/Qwen3.8-Flash-Next-NVFP4-RadixArk/.cache/huggingface/download/layer-00002-experts-0256-0383.complete.json.lock
101	/models/Qwen3.8-Flash-Next-NVFP4-RadixArk/.cache/huggingface/download/layer-00002-experts-0256-0383.complete.json.metadata
0	/models/Qwen3.8-Flash-Next-NVFP4-RadixArk/.cache/huggingface/download/layer-00002-experts-0256-0383.safetensors.lock
125	/models/Qwen3.8-Flash-Next-NVFP4-RadixArk/.cache/huggingface/download/layer-00002-experts-0256-0383.safetensors.metadata
0	/models/Qwen3.8-Flash-Next-NVFP4-RadixArk/.cache/huggingface/download/layer-00002-experts-0384-0511.complete.json.lock
101	/models/Qwen3.8-Flash-Next-NVFP4-RadixArk/.cache/huggingface/download/layer-00002-experts-0384-0511.complete.json.metadata
0	/models/Qwen3.8-Flash-Next-NVFP4-RadixArk/.cache/huggingface/download/layer-00002-experts-0384-0511.safetensors.lock
125	/models/Qwen3.8-Flash-Next-NVFP4-RadixArk/.cache/huggingface/download/layer-00002-experts-0384-0511.safetensors.metadata
0	/models/Qwen3.8-Flash-Next-NVFP4-RadixArk/.cache/huggingface/download/layer-00003-experts-0000-0127.complete.json.lock
101	/models/Qwen3.8-Flash-Next-NVFP4-RadixArk/.cache/huggingface/download/layer-00003-experts-0000-0127.complete.json.metadata
0	/models/Qwen3.8-Flash-Next-NVFP4-RadixArk/.cache/huggingface/download/layer-00003-experts-0000-0127.safetensors.lock
124	/models/Qwen3.8-Flash-Next-NVFP4-RadixArk/.cache/huggingface/download/layer-00003-experts-0000-0127.safetensors.metadata
0	/models/Qwen3.8-Flash-Next-NVFP4-RadixArk/.cache/huggingface/download/layer-00003-experts-0128-0255.complete.json.lock
100	/models/Qwen3.8-Flash-Next-NVFP4-RadixArk/.cache/huggingface/download/layer-00003-experts-0128-0255.complete.json.metadata
0	/models/Qwen3.8-Flash-Next-NVFP4-RadixArk/.cache/huggingface/download/layer-00003-experts-0128-0255.safetensors.lock
125	/models/Qwen3.8-Flash-Next-NVFP4-RadixArk/.cache/huggingface/download/layer-00003-experts-0128-0255.safetensors.metadata
0	/models/Qwen3.8-Flash-Next-NVFP4-RadixArk/.cache/huggingface/download/layer-00003-experts-0256-0383.complete.json.lock
101	/models/Qwen3.8-Flash-Next-NVFP4-RadixArk/.cache/huggingface/download/layer-00003-experts-0256-0383.complete.json.metadata
0	/models/Qwen3.8-Flash-Next-NVFP4-RadixArk/.cache/huggingface/download/layer-00003-experts-0256-0383.safetensors.lock
125	/models/Qwen3.8-Flash-Next-NVFP4-RadixArk/.cache/huggingface/download/layer-00003-experts-0256-0383.safetensors.metadata
0	/models/Qwen3.8-Flash-Next-NVFP4-RadixArk/.cache/huggingface/download/layer-00003-experts-0384-0511.complete.json.lock
101	/models/Qwen3.8-Flash-Next-NVFP4-RadixArk/.cache/huggingface/download/layer-00003-experts-0384-0511.complete.json.metadata
0	/models/Qwen3.8-Flash-Next-NVFP4-RadixArk/.cache/huggingface/download/layer-00003-experts-0384-0511.safetensors.lock
124	/models/Qwen3.8-Flash-Next-NVFP4-RadixArk/.cache/huggingface/download/layer-00003-experts-0384-0511.safetensors.metadata
0	/models/Qwen3.8-Flash-Next-NVFP4-RadixArk/.cache/huggingface/download/layer-00004-experts-0000-0127.complete.json.lock
101	/models/Qwen3.8-Flash-Next-NVFP4-RadixArk/.cache/huggingface/download/layer-00004-experts-0000-0127.complete.json.metadata
0	/models/Qwen3.8-Flash-Next-NVFP4-RadixArk/.cache/huggingface/download/layer-00004-experts-0000-0127.safetensors.lock
125	/models/Qwen3.8-Flash-Next-NVFP4-RadixArk/.cache/huggingface/download/layer-00004-experts-0000-0127.safetensors.metadata
0	/models/Qwen3.8-Flash-Next-NVFP4-RadixArk/.cache/huggingface/download/layer-00004-experts-0128-0255.complete.json.lock
101	/models/Qwen3.8-Flash-Next-NVFP4-RadixArk/.cache/huggingface/download/layer-00004-experts-0128-0255.complete.json.metadata
0	/models/Qwen3.8-Flash-Next-NVFP4-RadixArk/.cache/huggingface/download/layer-00004-experts-0128-0255.safetensors.lock
125	/models/Qwen3.8-Flash-Next-NVFP4-RadixArk/.cache/huggingface/download/layer-00004-experts-0128-0255.safetensors.metadata
0	/models/Qwen3.8-Flash-Next-NVFP4-RadixArk/.cache/huggingface/download/layer-00004-experts-0256-0383.complete.json.lock
101	/models/Qwen3.8-Flash-Next-NVFP4-RadixArk/.cache/huggingface/download/layer-00004-experts-0256-0383.complete.json.metadata
0	/models/Qwen3.8-Flash-Next-NVFP4-RadixArk/.cache/huggingface/download/layer-00004-experts-0256-0383.safetensors.lock
125	/models/Qwen3.8-Flash-Next-NVFP4-RadixArk/.cache/huggingface/download/layer-00004-experts-0256-0383.safetensors.metadata
0	/models/Qwen3.8-Flash-Next-NVFP4-RadixArk/.cache/huggingface/download/layer-00004-experts-0384-0511.complete.json.lock
99	/models/Qwen3.8-Flash-Next-NVFP4-RadixArk/.cache/huggingface/download/layer-00004-experts-0384-0511.complete.json.metadata
0	/models/Qwen3.8-Flash-Next-NVFP4-RadixArk/.cache/huggingface/download/layer-00004-experts-0384-0511.safetensors.lock
125	/models/Qwen3.8-Flash-Next-NVFP4-RadixArk/.cache/huggingface/download/layer-00004-experts-0384-0511.safetensors.metadata
0	/models/Qwen3.8-Flash-Next-NVFP4-RadixArk/.cache/huggingface/download/layer-00005-experts-0000-0127.complete.json.lock
101	/models/Qwen3.8-Flash-Next-NVFP4-RadixArk/.cache/huggingface/download/layer-00005-experts-0000-0127.complete.json.metadata
0	/models/Qwen3.8-Flash-Next-NVFP4-RadixArk/.cache/huggingface/download/layer-00005-experts-0000-0127.safetensors.lock
125	/models/Qwen3.8-Flash-Next-NVFP4-RadixArk/.cache/huggingface/download/layer-00005-experts-0000-0127.safetensors.metadata
0	/models/Qwen3.8-Flash-Next-NVFP4-RadixArk/.cache/huggingface/download/layer-00005-experts-0128-0255.complete.json.lock
101	/models/Qwen3.8-Flash-Next-NVFP4-RadixArk/.cache/huggingface/download/layer-00005-experts-0128-0255.complete.json.metadata
0	/models/Qwen3.8-Flash-Next-NVFP4-RadixArk/.cache/huggingface/download/layer-00005-experts-0128-0255.safetensors.lock
124	/models/Qwen3.8-Flash-Next-NVFP4-RadixArk/.cache/huggingface/download/layer-00005-experts-0128-0255.safetensors.metadata
0	/models/Qwen3.8-Flash-Next-NVFP4-RadixArk/.cache/huggingface/download/layer-00005-experts-0256-0383.complete.json.lock
100	/models/Qwen3.8-Flash-Next-NVFP4-RadixArk/.cache/huggingface/download/layer-00005-experts-0256-0383.complete.json.metadata
0	/models/Qwen3.8-Flash-Next-NVFP4-RadixArk/.cache/huggingface/download/layer-00005-experts-0256-0383.safetensors.lock
125	/models/Qwen3.8-Flash-Next-NVFP4-RadixArk/.cache/huggingface/download/layer-00005-experts-0256-0383.safetensors.metadata
0	/models/Qwen3.8-Flash-Next-NVFP4-RadixArk/.cache/huggingface/download/layer-00005-experts-0384-0511.complete.json.lock
101	/models/Qwen3.8-Flash-Next-NVFP4-RadixArk/.cache/huggingface/download/layer-00005-experts-0384-0511.complete.json.metadata
0	/models/Qwen3.8-Flash-Next-NVFP4-RadixArk/.cache/huggingface/download/layer-00005-experts-0384-0511.safetensors.lock
125	/models/Qwen3.8-Flash-Next-NVFP4-RadixArk/.cache/huggingface/download/layer-00005-experts-0384-0511.safetensors.metadata
0	/models/Qwen3.8-Flash-Next-NVFP4-RadixArk/.cache/huggingface/download/layer-00006-experts-0000-0127.complete.json.lock
101	/models/Qwen3.8-Flash-Next-NVFP4-RadixArk/.cache/huggingface/download/layer-00006-experts-0000-0127.complete.json.metadata
0	/models/Qwen3.8-Flash-Next-NVFP4-RadixArk/.cache/huggingface/download/layer-00006-experts-0000-0127.safetensors.lock
125	/models/Qwen3.8-Flash-Next-NVFP4-RadixArk/.cache/huggingface/download/layer-00006-experts-0000-0127.safetensors.metadata
0	/models/Qwen3.8-Flash-Next-NVFP4-RadixArk/.cache/huggingface/download/layer-00006-experts-0128-0255.complete.json.lock
100	/models/Qwen3.8-Flash-Next-NVFP4-RadixArk/.cache/huggingface/download/layer-00006-experts-0128-0255.complete.json.metadata
0	/models/Qwen3.8-Flash-Next-NVFP4-RadixArk/.cache/huggingface/download/layer-00006-experts-0128-0255.safetensors.lock
125	/models/Qwen3.8-Flash-Next-NVFP4-RadixArk/.cache/huggingface/download/layer-00006-experts-0128-0255.safetensors.metadata
0	/models/Qwen3.8-Flash-Next-NVFP4-RadixArk/.cache/huggingface/download/layer-00006-experts-0256-0383.complete.json.lock
101	/models/Qwen3.8-Flash-Next-NVFP4-RadixArk/.cache/huggingface/download/layer-00006-experts-0256-0383.complete.json.metadata
0	/models/Qwen3.8-Flash-Next-NVFP4-RadixArk/.cache/huggingface/download/layer-00006-experts-0256-0383.safetensors.lock
125	/models/Qwen3.8-Flash-Next-NVFP4-RadixArk/.cache/huggingface/download/layer-00006-experts-0256-0383.safetensors.metadata
0	/models/Qwen3.8-Flash-Next-NVFP4-RadixArk/.cache/huggingface/download/layer-00006-experts-0384-0511.complete.json.lock
101	/models/Qwen3.8-Flash-Next-NVFP4-RadixArk/.cache/huggingface/download/layer-00006-experts-0384-0511.complete.json.metadata
0	/models/Qwen3.8-Flash-Next-NVFP4-RadixArk/.cache/huggingface/download/layer-00006-experts-0384-0511.safetensors.lock
125	/models/Qwen3.8-Flash-Next-NVFP4-RadixArk/.cache/huggingface/download/layer-00006-experts-0384-0511.safetensors.metadata
0	/models/Qwen3.8-Flash-Next-NVFP4-RadixArk/.cache/huggingface/download/layer-00007-experts-0000-0127.complete.json.lock
101	/models/Qwen3.8-Flash-Next-NVFP4-RadixArk/.cache/huggingface/download/layer-00007-experts-0000-0127.complete.json.metadata
0	/models/Qwen3.8-Flash-Next-NVFP4-RadixArk/.cache/huggingface/download/layer-00007-experts-0000-0127.safetensors.lock
125	/models/Qwen3.8-Flash-Next-NVFP4-RadixArk/.cache/huggingface/download/layer-00007-experts-0000-0127.safetensors.metadata
0	/models/Qwen3.8-Flash-Next-NVFP4-RadixArk/.cache/huggingface/download/layer-00007-experts-0128-0255.complete.json.lock
101	/models/Qwen3.8-Flash-Next-NVFP4-RadixArk/.cache/huggingface/download/layer-00007-experts-0128-0255.complete.json.metadata
0	/models/Qwen3.8-Flash-Next-NVFP4-RadixArk/.cache/huggingface/download/layer-00007-experts-0128-0255.safetensors.lock
125	/models/Qwen3.8-Flash-Next-NVFP4-RadixArk/.cache/huggingface/download/layer-00007-experts-0128-0255.safetensors.metadata
0	/models/Qwen3.8-Flash-Next-NVFP4-RadixArk/.cache/huggingface/download/layer-00007-experts-0256-0383.complete.json.lock
101	/models/Qwen3.8-Flash-Next-NVFP4-RadixArk/.cache/huggingface/download/layer-00007-experts-0256-0383.complete.json.metadata
0	/models/Qwen3.8-Flash-Next-NVFP4-RadixArk/.cache/huggingface/download/layer-00007-experts-0256-0383.safetensors.lock
125	/models/Qwen3.8-Flash-Next-NVFP4-RadixArk/.cache/huggingface/download/layer-00007-experts-0256-0383.safetensors.metadata
0	/models/Qwen3.8-Flash-Next-NVFP4-RadixArk/.cache/huggingface/download/layer-00007-experts-0384-0511.complete.json.lock
101	/models/Qwen3.8-Flash-Next-NVFP4-RadixArk/.cache/huggingface/download/layer-00007-experts-0384-0511.complete.json.metadata
0	/models/Qwen3.8-Flash-Next-NVFP4-RadixArk/.cache/huggingface/download/layer-00007-experts-0384-0511.safetensors.lock
125	/models/Qwen3.8-Flash-Next-NVFP4-RadixArk/.cache/huggingface/download/layer-00007-experts-0384-0511.safetensors.metadata
0	/models/Qwen3.8-Flash-Next-NVFP4-RadixArk/.cache/huggingface/download/layer-00008-experts-0000-0127.complete.json.lock
101	/models/Qwen3.8-Flash-Next-NVFP4-RadixArk/.cache/huggingface/download/layer-00008-experts-0000-0127.complete.json.metadata
0	/models/Qwen3.8-Flash-Next-NVFP4-RadixArk/.cache/huggingface/download/layer-00008-experts-0000-0127.safetensors.lock
125	/models/Qwen3.8-Flash-Next-NVFP4-RadixArk/.cache/huggingface/download/layer-00008-experts-0000-0127.safetensors.metadata
0	/models/Qwen3.8-Flash-Next-NVFP4-RadixArk/.cache/huggingface/download/layer-00008-experts-0128-0255.complete.json.lock
101	/models/Qwen3.8-Flash-Next-NVFP4-RadixArk/.cache/huggingface/download/layer-00008-experts-0128-0255.complete.json.metadata
0	/models/Qwen3.8-Flash-Next-NVFP4-RadixArk/.cache/huggingface/download/layer-00008-experts-0128-0255.safetensors.lock
125	/models/Qwen3.8-Flash-Next-NVFP4-RadixArk/.cache/huggingface/download/layer-00008-experts-0128-0255.safetensors.metadata
0	/models/Qwen3.8-Flash-Next-NVFP4-RadixArk/.cache/huggingface/download/layer-00008-experts-0256-0383.complete.json.lock
101	/models/Qwen3.8-Flash-Next-NVFP4-RadixArk/.cache/huggingface/download/layer-00008-experts-0256-0383.complete.json.metadata
0	/models/Qwen3.8-Flash-Next-NVFP4-RadixArk/.cache/huggingface/download/layer-00008-experts-0256-0383.safetensors.lock
125	/models/Qwen3.8-Flash-Next-NVFP4-RadixArk/.cache/huggingface/download/layer-00008-experts-0256-0383.safetensors.metadata
0	/models/Qwen3.8-Flash-Next-NVFP4-RadixArk/.cache/huggingface/download/layer-00008-experts-0384-0511.complete.json.lock
100	/models/Qwen3.8-Flash-Next-NVFP4-RadixArk/.cache/huggingface/download/layer-00008-experts-0384-0511.complete.json.metadata
0	/models/Qwen3.8-Flash-Next-NVFP4-RadixArk/.cache/huggingface/download/layer-00008-experts-0384-0511.safetensors.lock
125	/models/Qwen3.8-Flash-Next-NVFP4-RadixArk/.cache/huggingface/download/layer-00008-experts-0384-0511.safetensors.metadata
0	/models/Qwen3.8-Flash-Next-NVFP4-RadixArk/.cache/huggingface/download/layer-00009-experts-0000-0127.complete.json.lock
101	/models/Qwen3.8-Flash-Next-NVFP4-RadixArk/.cache/huggingface/download/layer-00009-experts-0000-0127.complete.json.metadata
0	/models/Qwen3.8-Flash-Next-NVFP4-RadixArk/.cache/huggingface/download/layer-00009-experts-0000-0127.safetensors.lock
125	/models/Qwen3.8-Flash-Next-NVFP4-RadixArk/.cache/huggingface/download/layer-00009-experts-0000-0127.safetensors.metadata
0	/models/Qwen3.8-Flash-Next-NVFP4-RadixArk/.cache/huggingface/download/layer-00009-experts-0128-0255.complete.json.lock
101	/models/Qwen3.8-Flash-Next-NVFP4-RadixArk/.cache/huggingface/download/layer-00009-experts-0128-0255.complete.json.metadata
0	/models/Qwen3.8-Flash-Next-NVFP4-RadixArk/.cache/huggingface/download/layer-00009-experts-0128-0255.safetensors.lock
125	/models/Qwen3.8-Flash-Next-NVFP4-RadixArk/.cache/huggingface/download/layer-00009-experts-0128-0255.safetensors.metadata
0	/models/Qwen3.8-Flash-Next-NVFP4-RadixArk/.cache/huggingface/download/layer-00009-experts-0256-0383.complete.json.lock
101	/models/Qwen3.8-Flash-Next-NVFP4-RadixArk/.cache/huggingface/download/layer-00009-experts-0256-0383.complete.json.metadata
0	/models/Qwen3.8-Flash-Next-NVFP4-RadixArk/.cache/huggingface/download/layer-00009-experts-0256-0383.safetensors.lock
125	/models/Qwen3.8-Flash-Next-NVFP4-RadixArk/.cache/huggingface/download/layer-00009-experts-0256-0383.safetensors.metadata
0	/models/Qwen3.8-Flash-Next-NVFP4-RadixArk/.cache/huggingface/download/layer-00009-experts-0384-0511.complete.json.lock
101	/models/Qwen3.8-Flash-Next-NVFP4-RadixArk/.cache/huggingface/download/layer-00009-experts-0384-0511.complete.json.metadata
0	/models/Qwen3.8-Flash-Next-NVFP4-RadixArk/.cache/huggingface/download/layer-00009-experts-0384-0511.safetensors.lock
125	/models/Qwen3.8-Flash-Next-NVFP4-RadixArk/.cache/huggingface/download/layer-00009-experts-0384-0511.safetensors.metadata
0	/models/Qwen3.8-Flash-Next-NVFP4-RadixArk/.cache/huggingface/download/layer-00010-experts-0000-0127.complete.json.lock
101	/models/Qwen3.8-Flash-Next-NVFP4-RadixArk/.cache/huggingface/download/layer-00010-experts-0000-0127.complete.json.metadata
0	/models/Qwen3.8-Flash-Next-NVFP4-RadixArk/.cache/huggingface/download/layer-00010-experts-0000-0127.safetensors.lock
125	/models/Qwen3.8-Flash-Next-NVFP4-RadixArk/.cache/huggingface/download/layer-00010-experts-0000-0127.safetensors.metadata
0	/models/Qwen3.8-Flash-Next-NVFP4-RadixArk/.cache/huggingface/download/layer-00010-experts-0128-0255.complete.json.lock
100	/models/Qwen3.8-Flash-Next-NVFP4-RadixArk/.cache/huggingface/download/layer-00010-experts-0128-0255.complete.json.metadata
0	/models/Qwen3.8-Flash-Next-NVFP4-RadixArk/.cache/huggingface/download/layer-00010-experts-0128-0255.safetensors.lock
125	/models/Qwen3.8-Flash-Next-NVFP4-RadixArk/.cache/huggingface/download/layer-00010-experts-0128-0255.safetensors.metadata
0	/models/Qwen3.8-Flash-Next-NVFP4-RadixArk/.cache/huggingface/download/layer-00010-experts-0256-0383.complete.json.lock
101	/models/Qwen3.8-Flash-Next-NVFP4-RadixArk/.cache/huggingface/download/layer-00010-experts-0256-0383.complete.json.metadata
0	/models/Qwen3.8-Flash-Next-NVFP4-RadixArk/.cache/huggingface/download/layer-00010-experts-0256-0383.safetensors.lock
125	/models/Qwen3.8-Flash-Next-NVFP4-RadixArk/.cache/huggingface/download/layer-00010-experts-0256-0383.safetensors.metadata
0	/models/Qwen3.8-Flash-Next-NVFP4-RadixArk/.cache/huggingface/download/layer-00010-experts-0384-0511.complete.json.lock
101	/models/Qwen3.8-Flash-Next-NVFP4-RadixArk/.cache/huggingface/download/layer-00010-experts-0384-0511.complete.json.metadata
0	/models/Qwen3.8-Flash-Next-NVFP4-RadixArk/.cache/huggingface/download/layer-00010-experts-0384-0511.safetensors.lock
125	/models/Qwen3.8-Flash-Next-NVFP4-RadixArk/.cache/huggingface/download/layer-00010-experts-0384-0511.safetensors.metadata
0	/models/Qwen3.8-Flash-Next-NVFP4-RadixArk/.cache/huggingface/download/layer-00011-experts-0000-0127.complete.json.lock
101	/models/Qwen3.8-Flash-Next-NVFP4-RadixArk/.cache/huggingface/download/layer-00011-experts-0000-0127.complete.json.metadata
0	/models/Qwen3.8-Flash-Next-NVFP4-RadixArk/.cache/huggingface/download/layer-00011-experts-0000-0127.safetensors.lock
123	/models/Qwen3.8-Flash-Next-NVFP4-RadixArk/.cache/huggingface/download/layer-00011-experts-0000-0127.safetensors.metadata
0	/models/Qwen3.8-Flash-Next-NVFP4-RadixArk/.cache/huggingface/download/layer-00011-experts-0128-0255.complete.json.lock
101	/models/Qwen3.8-Flash-Next-NVFP4-RadixArk/.cache/huggingface/download/layer-00011-experts-0128-0255.complete.json.metadata
0	/models/Qwen3.8-Flash-Next-NVFP4-RadixArk/.cache/huggingface/download/layer-00011-experts-0128-0255.safetensors.lock
125	/models/Qwen3.8-Flash-Next-NVFP4-RadixArk/.cache/huggingface/download/layer-00011-experts-0128-0255.safetensors.metadata
0	/models/Qwen3.8-Flash-Next-NVFP4-RadixArk/.cache/huggingface/download/layer-00011-experts-0256-0383.complete.json.lock
100	/models/Qwen3.8-Flash-Next-NVFP4-RadixArk/.cache/huggingface/download/layer-00011-experts-0256-0383.complete.json.metadata
0	/models/Qwen3.8-Flash-Next-NVFP4-RadixArk/.cache/huggingface/download/layer-00011-experts-0256-0383.safetensors.lock
125	/models/Qwen3.8-Flash-Next-NVFP4-RadixArk/.cache/huggingface/download/layer-00011-experts-0256-0383.safetensors.metadata
0	/models/Qwen3.8-Flash-Next-NVFP4-RadixArk/.cache/huggingface/download/layer-00011-experts-0384-0511.complete.json.lock
101	/models/Qwen3.8-Flash-Next-NVFP4-RadixArk/.cache/huggingface/download/layer-00011-experts-0384-0511.complete.json.metadata
0	/models/Qwen3.8-Flash-Next-NVFP4-RadixArk/.cache/huggingface/download/layer-00011-experts-0384-0511.safetensors.lock
125	/models/Qwen3.8-Flash-Next-NVFP4-RadixArk/.cache/huggingface/download/layer-00011-experts-0384-0511.safetensors.metadata
0	/models/Qwen3.8-Flash-Next-NVFP4-RadixArk/.cache/huggingface/download/layer-00012-experts-0000-0127.complete.json.lock
101	/models/Qwen3.8-Flash-Next-NVFP4-RadixArk/.cache/huggingface/download/layer-00012-experts-0000-0127.complete.json.metadata
0	/models/Qwen3.8-Flash-Next-NVFP4-RadixArk/.cache/huggingface/download/layer-00012-experts-0000-0127.safetensors.lock
125	/models/Qwen3.8-Flash-Next-NVFP4-RadixArk/.cache/huggingface/download/layer-00012-experts-0000-0127.safetensors.metadata
0	/models/Qwen3.8-Flash-Next-NVFP4-RadixArk/.cache/huggingface/download/layer-00012-experts-0128-0255.complete.json.lock
101	/models/Qwen3.8-Flash-Next-NVFP4-RadixArk/.cache/huggingface/download/layer-00012-experts-0128-0255.complete.json.metadata
0	/models/Qwen3.8-Flash-Next-NVFP4-RadixArk/.cache/huggingface/download/layer-00012-experts-0128-0255.safetensors.lock
124	/models/Qwen3.8-Flash-Next-NVFP4-RadixArk/.cache/huggingface/download/layer-00012-experts-0128-0255.safetensors.metadata
0	/models/Qwen3.8-Flash-Next-NVFP4-RadixArk/.cache/huggingface/download/layer-00012-experts-0256-0383.complete.json.lock
101	/models/Qwen3.8-Flash-Next-NVFP4-RadixArk/.cache/huggingface/download/layer-00012-experts-0256-0383.complete.json.metadata
0	/models/Qwen3.8-Flash-Next-NVFP4-RadixArk/.cache/huggingface/download/layer-00012-experts-0256-0383.safetensors.lock
125	/models/Qwen3.8-Flash-Next-NVFP4-RadixArk/.cache/huggingface/download/layer-00012-experts-0256-0383.safetensors.metadata
0	/models/Qwen3.8-Flash-Next-NVFP4-RadixArk/.cache/huggingface/download/layer-00012-experts-0384-0511.complete.json.lock
100	/models/Qwen3.8-Flash-Next-NVFP4-RadixArk/.cache/huggingface/download/layer-00012-experts-0384-0511.complete.json.metadata
0	/models/Qwen3.8-Flash-Next-NVFP4-RadixArk/.cache/huggingface/download/layer-00012-experts-0384-0511.safetensors.lock
124	/models/Qwen3.8-Flash-Next-NVFP4-RadixArk/.cache/huggingface/download/layer-00012-experts-0384-0511.safetensors.metadata
0	/models/Qwen3.8-Flash-Next-NVFP4-RadixArk/.cache/huggingface/download/layer-00013-experts-0000-0127.complete.json.lock
100	/models/Qwen3.8-Flash-Next-NVFP4-RadixArk/.cache/huggingface/download/layer-00013-experts-0000-0127.complete.json.metadata
0	/models/Qwen3.8-Flash-Next-NVFP4-RadixArk/.cache/huggingface/download/layer-00013-experts-0000-0127.safetensors.lock
125	/models/Qwen3.8-Flash-Next-NVFP4-RadixArk/.cache/huggingface/download/layer-00013-experts-0000-0127.safetensors.metadata
0	/models/Qwen3.8-Flash-Next-NVFP4-RadixArk/.cache/huggingface/download/layer-00013-experts-0128-0255.complete.json.lock
100	/models/Qwen3.8-Flash-Next-NVFP4-RadixArk/.cache/huggingface/download/layer-00013-experts-0128-0255.complete.json.metadata
0	/models/Qwen3.8-Flash-Next-NVFP4-RadixArk/.cache/huggingface/download/layer-00013-experts-0128-0255.safetensors.lock
124	/models/Qwen3.8-Flash-Next-NVFP4-RadixArk/.cache/huggingface/download/layer-00013-experts-0128-0255.safetensors.metadata
0	/models/Qwen3.8-Flash-Next-NVFP4-RadixArk/.cache/huggingface/download/layer-00013-experts-0256-0383.complete.json.lock
101	/models/Qwen3.8-Flash-Next-NVFP4-RadixArk/.cache/huggingface/download/layer-00013-experts-0256-0383.complete.json.metadata
0	/models/Qwen3.8-Flash-Next-NVFP4-RadixArk/.cache/huggingface/download/layer-00013-experts-0256-0383.safetensors.lock
125	/models/Qwen3.8-Flash-Next-NVFP4-RadixArk/.cache/huggingface/download/layer-00013-experts-0256-0383.safetensors.metadata
0	/models/Qwen3.8-Flash-Next-NVFP4-RadixArk/.cache/huggingface/download/layer-00013-experts-0384-0511.complete.json.lock
101	/models/Qwen3.8-Flash-Next-NVFP4-RadixArk/.cache/huggingface/download/layer-00013-experts-0384-0511.complete.json.metadata
0	/models/Qwen3.8-Flash-Next-NVFP4-RadixArk/.cache/huggingface/download/layer-00013-experts-0384-0511.safetensors.lock
125	/models/Qwen3.8-Flash-Next-NVFP4-RadixArk/.cache/huggingface/download/layer-00013-experts-0384-0511.safetensors.metadata
0	/models/Qwen3.8-Flash-Next-NVFP4-RadixArk/.cache/huggingface/download/layer-00014-experts-0000-0127.complete.json.lock
101	/models/Qwen3.8-Flash-Next-NVFP4-RadixArk/.cache/huggingface/download/layer-00014-experts-0000-0127.complete.json.metadata
0	/models/Qwen3.8-Flash-Next-NVFP4-RadixArk/.cache/huggingface/download/layer-00014-experts-0000-0127.safetensors.lock
125	/models/Qwen3.8-Flash-Next-NVFP4-RadixArk/.cache/huggingface/download/layer-00014-experts-0000-0127.safetensors.metadata
0	/models/Qwen3.8-Flash-Next-NVFP4-RadixArk/.cache/huggingface/download/layer-00014-experts-0128-0255.complete.json.lock
99	/models/Qwen3.8-Flash-Next-NVFP4-RadixArk/.cache/huggingface/download/layer-00014-experts-0128-0255.complete.json.metadata
0	/models/Qwen3.8-Flash-Next-NVFP4-RadixArk/.cache/huggingface/download/layer-00014-experts-0128-0255.safetensors.lock
125	/models/Qwen3.8-Flash-Next-NVFP4-RadixArk/.cache/huggingface/download/layer-00014-experts-0128-0255.safetensors.metadata
0	/models/Qwen3.8-Flash-Next-NVFP4-RadixArk/.cache/huggingface/download/layer-00014-experts-0256-0383.complete.json.lock
101	/models/Qwen3.8-Flash-Next-NVFP4-RadixArk/.cache/huggingface/download/layer-00014-experts-0256-0383.complete.json.metadata
0	/models/Qwen3.8-Flash-Next-NVFP4-RadixArk/.cache/huggingface/download/layer-00014-experts-0256-0383.safetensors.lock
125	/models/Qwen3.8-Flash-Next-NVFP4-RadixArk/.cache/huggingface/download/layer-00014-experts-0256-0383.safetensors.metadata
0	/models/Qwen3.8-Flash-Next-NVFP4-RadixArk/.cache/huggingface/download/layer-00014-experts-0384-0511.complete.json.lock
100	/models/Qwen3.8-Flash-Next-NVFP4-RadixArk/.cache/huggingface/download/layer-00014-experts-0384-0511.complete.json.metadata
0	/models/Qwen3.8-Flash-Next-NVFP4-RadixArk/.cache/huggingface/download/layer-00014-experts-0384-0511.safetensors.lock
125	/models/Qwen3.8-Flash-Next-NVFP4-RadixArk/.cache/huggingface/download/layer-00014-experts-0384-0511.safetensors.metadata
0	/models/Qwen3.8-Flash-Next-NVFP4-RadixArk/.cache/huggingface/download/layer-00015-experts-0000-0127.complete.json.lock
101	/models/Qwen3.8-Flash-Next-NVFP4-RadixArk/.cache/huggingface/download/layer-00015-experts-0000-0127.complete.json.metadata
0	/models/Qwen3.8-Flash-Next-NVFP4-RadixArk/.cache/huggingface/download/layer-00015-experts-0000-0127.safetensors.lock
125	/models/Qwen3.8-Flash-Next-NVFP4-RadixArk/.cache/huggingface/download/layer-00015-experts-0000-0127.safetensors.metadata
0	/models/Qwen3.8-Flash-Next-NVFP4-RadixArk/.cache/huggingface/download/layer-00015-experts-0128-0255.complete.json.lock
101	/models/Qwen3.8-Flash-Next-NVFP4-RadixArk/.cache/huggingface/download/layer-00015-experts-0128-0255.complete.json.metadata
0	/models/Qwen3.8-Flash-Next-NVFP4-RadixArk/.cache/huggingface/download/layer-00015-experts-0128-0255.safetensors.lock
125	/models/Qwen3.8-Flash-Next-NVFP4-RadixArk/.cache/huggingface/download/layer-00015-experts-0128-0255.safetensors.metadata
0	/models/Qwen3.8-Flash-Next-NVFP4-RadixArk/.cache/huggingface/download/layer-00015-experts-0256-0383.complete.json.lock
101	/models/Qwen3.8-Flash-Next-NVFP4-RadixArk/.cache/huggingface/download/layer-00015-experts-0256-0383.complete.json.metadata
0	/models/Qwen3.8-Flash-Next-NVFP4-RadixArk/.cache/huggingface/download/layer-00015-experts-0256-0383.safetensors.lock
124	/models/Qwen3.8-Flash-Next-NVFP4-RadixArk/.cache/huggingface/download/layer-00015-experts-0256-0383.safetensors.metadata
0	/models/Qwen3.8-Flash-Next-NVFP4-RadixArk/.cache/huggingface/download/layer-00015-experts-0384-0511.complete.json.lock
101	/models/Qwen3.8-Flash-Next-NVFP4-RadixArk/.cache/huggingface/download/layer-00015-experts-0384-0511.complete.json.metadata
0	/models/Qwen3.8-Flash-Next-NVFP4-RadixArk/.cache/huggingface/download/layer-00015-experts-0384-0511.safetensors.lock
125	/models/Qwen3.8-Flash-Next-NVFP4-RadixArk/.cache/huggingface/download/layer-00015-experts-0384-0511.safetensors.metadata
0	/models/Qwen3.8-Flash-Next-NVFP4-RadixArk/.cache/huggingface/download/layer-00016-experts-0000-0127.complete.json.lock
101	/models/Qwen3.8-Flash-Next-NVFP4-RadixArk/.cache/huggingface/download/layer-00016-experts-0000-0127.complete.json.metadata
0	/models/Qwen3.8-Flash-Next-NVFP4-RadixArk/.cache/huggingface/download/layer-00016-experts-0000-0127.safetensors.lock
125	/models/Qwen3.8-Flash-Next-NVFP4-RadixArk/.cache/huggingface/download/layer-00016-experts-0000-0127.safetensors.metadata
0	/models/Qwen3.8-Flash-Next-NVFP4-RadixArk/.cache/huggingface/download/layer-00016-experts-0128-0255.complete.json.lock
101	/models/Qwen3.8-Flash-Next-NVFP4-RadixArk/.cache/huggingface/download/layer-00016-experts-0128-0255.complete.json.metadata
0	/models/Qwen3.8-Flash-Next-NVFP4-RadixArk/.cache/huggingface/download/layer-00016-experts-0128-0255.safetensors.lock
124	/models/Qwen3.8-Flash-Next-NVFP4-RadixArk/.cache/huggingface/download/layer-00016-experts-0128-0255.safetensors.metadata
0	/models/Qwen3.8-Flash-Next-NVFP4-RadixArk/.cache/huggingface/download/layer-00016-experts-0256-0383.complete.json.lock
101	/models/Qwen3.8-Flash-Next-NVFP4-RadixArk/.cache/huggingface/download/layer-00016-experts-0256-0383.complete.json.metadata
0	/models/Qwen3.8-Flash-Next-NVFP4-RadixArk/.cache/huggingface/download/layer-00016-experts-0256-0383.safetensors.lock
125	/models/Qwen3.8-Flash-Next-NVFP4-RadixArk/.cache/huggingface/download/layer-00016-experts-0256-0383.safetensors.metadata
0	/models/Qwen3.8-Flash-Next-NVFP4-RadixArk/.cache/huggingface/download/layer-00016-experts-0384-0511.complete.json.lock
101	/models/Qwen3.8-Flash-Next-NVFP4-RadixArk/.cache/huggingface/download/layer-00016-experts-0384-0511.complete.json.metadata
0	/models/Qwen3.8-Flash-Next-NVFP4-RadixArk/.cache/huggingface/download/layer-00016-experts-0384-0511.safetensors.lock
125	/models/Qwen3.8-Flash-Next-NVFP4-RadixArk/.cache/huggingface/download/layer-00016-experts-0384-0511.safetensors.metadata
0	/models/Qwen3.8-Flash-Next-NVFP4-RadixArk/.cache/huggingface/download/layer-00017-experts-0000-0127.complete.json.lock
101	/models/Qwen3.8-Flash-Next-NVFP4-RadixArk/.cache/huggingface/download/layer-00017-experts-0000-0127.complete.json.metadata
0	/models/Qwen3.8-Flash-Next-NVFP4-RadixArk/.cache/huggingface/download/layer-00017-experts-0000-0127.safetensors.lock
125	/models/Qwen3.8-Flash-Next-NVFP4-RadixArk/.cache/huggingface/download/layer-00017-experts-0000-0127.safetensors.metadata
0	/models/Qwen3.8-Flash-Next-NVFP4-RadixArk/.cache/huggingface/download/layer-00017-experts-0128-0255.complete.json.lock
101	/models/Qwen3.8-Flash-Next-NVFP4-RadixArk/.cache/huggingface/download/layer-00017-experts-0128-0255.complete.json.metadata
0	/models/Qwen3.8-Flash-Next-NVFP4-RadixArk/.cache/huggingface/download/layer-00017-experts-0128-0255.safetensors.lock
124	/models/Qwen3.8-Flash-Next-NVFP4-RadixArk/.cache/huggingface/download/layer-00017-experts-0128-0255.safetensors.metadata
0	/models/Qwen3.8-Flash-Next-NVFP4-RadixArk/.cache/huggingface/download/layer-00017-experts-0256-0383.complete.json.lock
101	/models/Qwen3.8-Flash-Next-NVFP4-RadixArk/.cache/huggingface/download/layer-00017-experts-0256-0383.complete.json.metadata
0	/models/Qwen3.8-Flash-Next-NVFP4-RadixArk/.cache/huggingface/download/layer-00017-experts-0256-0383.safetensors.lock
125	/models/Qwen3.8-Flash-Next-NVFP4-RadixArk/.cache/huggingface/download/layer-00017-experts-0256-0383.safetensors.metadata
0	/models/Qwen3.8-Flash-Next-NVFP4-RadixArk/.cache/huggingface/download/layer-00017-experts-0384-0511.complete.json.lock
100	/models/Qwen3.8-Flash-Next-NVFP4-RadixArk/.cache/huggingface/download/layer-00017-experts-0384-0511.complete.json.metadata
0	/models/Qwen3.8-Flash-Next-NVFP4-RadixArk/.cache/huggingface/download/layer-00017-experts-0384-0511.safetensors.lock
125	/models/Qwen3.8-Flash-Next-NVFP4-RadixArk/.cache/huggingface/download/layer-00017-experts-0384-0511.safetensors.metadata
0	/models/Qwen3.8-Flash-Next-NVFP4-RadixArk/.cache/huggingface/download/layer-00018-experts-0000-0127.complete.json.lock
100	/models/Qwen3.8-Flash-Next-NVFP4-RadixArk/.cache/huggingface/download/layer-00018-experts-0000-0127.complete.json.metadata
0	/models/Qwen3.8-Flash-Next-NVFP4-RadixArk/.cache/huggingface/download/layer-00018-experts-0000-0127.safetensors.lock
125	/models/Qwen3.8-Flash-Next-NVFP4-RadixArk/.cache/huggingface/download/layer-00018-experts-0000-0127.safetensors.metadata
0	/models/Qwen3.8-Flash-Next-NVFP4-RadixArk/.cache/huggingface/download/layer-00018-experts-0128-0255.complete.json.lock
101	/models/Qwen3.8-Flash-Next-NVFP4-RadixArk/.cache/huggingface/download/layer-00018-experts-0128-0255.complete.json.metadata
0	/models/Qwen3.8-Flash-Next-NVFP4-RadixArk/.cache/huggingface/download/layer-00018-experts-0128-0255.safetensors.lock
125	/models/Qwen3.8-Flash-Next-NVFP4-RadixArk/.cache/huggingface/download/layer-00018-experts-0128-0255.safetensors.metadata
0	/models/Qwen3.8-Flash-Next-NVFP4-RadixArk/.cache/huggingface/download/layer-00018-experts-0256-0383.complete.json.lock
101	/models/Qwen3.8-Flash-Next-NVFP4-RadixArk/.cache/huggingface/download/layer-00018-experts-0256-0383.complete.json.metadata
0	/models/Qwen3.8-Flash-Next-NVFP4-RadixArk/.cache/huggingface/download/layer-00018-experts-0256-0383.safetensors.lock
125	/models/Qwen3.8-Flash-Next-NVFP4-RadixArk/.cache/huggingface/download/layer-00018-experts-0256-0383.safetensors.metadata
0	/models/Qwen3.8-Flash-Next-NVFP4-RadixArk/.cache/huggingface/download/layer-00018-experts-0384-0511.complete.json.lock
100	/models/Qwen3.8-Flash-Next-NVFP4-RadixArk/.cache/huggingface/download/layer-00018-experts-0384-0511.complete.json.metadata
0	/models/Qwen3.8-Flash-Next-NVFP4-RadixArk/.cache/huggingface/download/layer-00018-experts-0384-0511.safetensors.lock
125	/models/Qwen3.8-Flash-Next-NVFP4-RadixArk/.cache/huggingface/download/layer-00018-experts-0384-0511.safetensors.metadata
0	/models/Qwen3.8-Flash-Next-NVFP4-RadixArk/.cache/huggingface/download/layer-00019-experts-0000-0127.complete.json.lock
101	/models/Qwen3.8-Flash-Next-NVFP4-RadixArk/.cache/huggingface/download/layer-00019-experts-0000-0127.complete.json.metadata
0	/models/Qwen3.8-Flash-Next-NVFP4-RadixArk/.cache/huggingface/download/layer-00019-experts-0000-0127.safetensors.lock
124	/models/Qwen3.8-Flash-Next-NVFP4-RadixArk/.cache/huggingface/download/layer-00019-experts-0000-0127.safetensors.metadata
0	/models/Qwen3.8-Flash-Next-NVFP4-RadixArk/.cache/huggingface/download/layer-00019-experts-0128-0255.complete.json.lock
101	/models/Qwen3.8-Flash-Next-NVFP4-RadixArk/.cache/huggingface/download/layer-00019-experts-0128-0255.complete.json.metadata
0	/models/Qwen3.8-Flash-Next-NVFP4-RadixArk/.cache/huggingface/download/layer-00019-experts-0128-0255.safetensors.lock
125	/models/Qwen3.8-Flash-Next-NVFP4-RadixArk/.cache/huggingface/download/layer-00019-experts-0128-0255.safetensors.metadata
0	/models/Qwen3.8-Flash-Next-NVFP4-RadixArk/.cache/huggingface/download/layer-00019-experts-0256-0383.complete.json.lock
101	/models/Qwen3.8-Flash-Next-NVFP4-RadixArk/.cache/huggingface/download/layer-00019-experts-0256-0383.complete.json.metadata
0	/models/Qwen3.8-Flash-Next-NVFP4-RadixArk/.cache/huggingface/download/layer-00019-experts-0256-0383.safetensors.lock
125	/models/Qwen3.8-Flash-Next-NVFP4-RadixArk/.cache/huggingface/download/layer-00019-experts-0256-0383.safetensors.metadata
0	/models/Qwen3.8-Flash-Next-NVFP4-RadixArk/.cache/huggingface/download/layer-00019-experts-0384-0511.complete.json.lock
100	/models/Qwen3.8-Flash-Next-NVFP4-RadixArk/.cache/huggingface/download/layer-00019-experts-0384-0511.complete.json.metadata
0	/models/Qwen3.8-Flash-Next-NVFP4-RadixArk/.cache/huggingface/download/layer-00019-experts-0384-0511.safetensors.lock
125	/models/Qwen3.8-Flash-Next-NVFP4-RadixArk/.cache/huggingface/download/layer-00019-experts-0384-0511.safetensors.metadata
0	/models/Qwen3.8-Flash-Next-NVFP4-RadixArk/.cache/huggingface/download/layer-00020-experts-0000-0127.complete.json.lock
101	/models/Qwen3.8-Flash-Next-NVFP4-RadixArk/.cache/huggingface/download/layer-00020-experts-0000-0127.complete.json.metadata
0	/models/Qwen3.8-Flash-Next-NVFP4-RadixArk/.cache/huggingface/download/layer-00020-experts-0000-0127.safetensors.lock
125	/models/Qwen3.8-Flash-Next-NVFP4-RadixArk/.cache/huggingface/download/layer-00020-experts-0000-0127.safetensors.metadata
0	/models/Qwen3.8-Flash-Next-NVFP4-RadixArk/.cache/huggingface/download/layer-00020-experts-0128-0255.complete.json.lock
99	/models/Qwen3.8-Flash-Next-NVFP4-RadixArk/.cache/huggingface/download/layer-00020-experts-0128-0255.complete.json.metadata
0	/models/Qwen3.8-Flash-Next-NVFP4-RadixArk/.cache/huggingface/download/layer-00020-experts-0128-0255.safetensors.lock
125	/models/Qwen3.8-Flash-Next-NVFP4-RadixArk/.cache/huggingface/download/layer-00020-experts-0128-0255.safetensors.metadata
0	/models/Qwen3.8-Flash-Next-NVFP4-RadixArk/.cache/huggingface/download/layer-00020-experts-0256-0383.complete.json.lock
101	/models/Qwen3.8-Flash-Next-NVFP4-RadixArk/.cache/huggingface/download/layer-00020-experts-0256-0383.complete.json.metadata
0	/models/Qwen3.8-Flash-Next-NVFP4-RadixArk/.cache/huggingface/download/layer-00020-experts-0256-0383.safetensors.lock
125	/models/Qwen3.8-Flash-Next-NVFP4-RadixArk/.cache/huggingface/download/layer-00020-experts-0256-0383.safetensors.metadata
0	/models/Qwen3.8-Flash-Next-NVFP4-RadixArk/.cache/huggingface/download/layer-00020-experts-0384-0511.complete.json.lock
101	/models/Qwen3.8-Flash-Next-NVFP4-RadixArk/.cache/huggingface/download/layer-00020-experts-0384-0511.complete.json.metadata
0	/models/Qwen3.8-Flash-Next-NVFP4-RadixArk/.cache/huggingface/download/layer-00020-experts-0384-0511.safetensors.lock
125	/models/Qwen3.8-Flash-Next-NVFP4-RadixArk/.cache/huggingface/download/layer-00020-experts-0384-0511.safetensors.metadata
0	/models/Qwen3.8-Flash-Next-NVFP4-RadixArk/.cache/huggingface/download/layer-00021-experts-0000-0127.complete.json.lock
101	/models/Qwen3.8-Flash-Next-NVFP4-RadixArk/.cache/huggingface/download/layer-00021-experts-0000-0127.complete.json.metadata
0	/models/Qwen3.8-Flash-Next-NVFP4-RadixArk/.cache/huggingface/download/layer-00021-experts-0000-0127.safetensors.lock
125	/models/Qwen3.8-Flash-Next-NVFP4-RadixArk/.cache/huggingface/download/layer-00021-experts-0000-0127.safetensors.metadata
0	/models/Qwen3.8-Flash-Next-NVFP4-RadixArk/.cache/huggingface/download/layer-00021-experts-0128-0255.complete.json.lock
101	/models/Qwen3.8-Flash-Next-NVFP4-RadixArk/.cache/huggingface/download/layer-00021-experts-0128-0255.complete.json.metadata
0	/models/Qwen3.8-Flash-Next-NVFP4-RadixArk/.cache/huggingface/download/layer-00021-experts-0128-0255.safetensors.lock
125	/models/Qwen3.8-Flash-Next-NVFP4-RadixArk/.cache/huggingface/download/layer-00021-experts-0128-0255.safetensors.metadata
0	/models/Qwen3.8-Flash-Next-NVFP4-RadixArk/.cache/huggingface/download/layer-00021-experts-0256-0383.complete.json.lock
100	/models/Qwen3.8-Flash-Next-NVFP4-RadixArk/.cache/huggingface/download/layer-00021-experts-0256-0383.complete.json.metadata
0	/models/Qwen3.8-Flash-Next-NVFP4-RadixArk/.cache/huggingface/download/layer-00021-experts-0256-0383.safetensors.lock
125	/models/Qwen3.8-Flash-Next-NVFP4-RadixArk/.cache/huggingface/download/layer-00021-experts-0256-0383.safetensors.metadata
0	/models/Qwen3.8-Flash-Next-NVFP4-RadixArk/.cache/huggingface/download/layer-00021-experts-0384-0511.complete.json.lock
100	/models/Qwen3.8-Flash-Next-NVFP4-RadixArk/.cache/huggingface/download/layer-00021-experts-0384-0511.complete.json.metadata
0	/models/Qwen3.8-Flash-Next-NVFP4-RadixArk/.cache/huggingface/download/layer-00021-experts-0384-0511.safetensors.lock
125	/models/Qwen3.8-Flash-Next-NVFP4-RadixArk/.cache/huggingface/download/layer-00021-experts-0384-0511.safetensors.metadata
0	/models/Qwen3.8-Flash-Next-NVFP4-RadixArk/.cache/huggingface/download/layer-00022-experts-0000-0127.complete.json.lock
101	/models/Qwen3.8-Flash-Next-NVFP4-RadixArk/.cache/huggingface/download/layer-00022-experts-0000-0127.complete.json.metadata
0	/models/Qwen3.8-Flash-Next-NVFP4-RadixArk/.cache/huggingface/download/layer-00022-experts-0000-0127.safetensors.lock
125	/models/Qwen3.8-Flash-Next-NVFP4-RadixArk/.cache/huggingface/download/layer-00022-experts-0000-0127.safetensors.metadata
0	/models/Qwen3.8-Flash-Next-NVFP4-RadixArk/.cache/huggingface/download/layer-00022-experts-0128-0255.complete.json.lock
100	/models/Qwen3.8-Flash-Next-NVFP4-RadixArk/.cache/huggingface/download/layer-00022-experts-0128-0255.complete.json.metadata
0	/models/Qwen3.8-Flash-Next-NVFP4-RadixArk/.cache/huggingface/download/layer-00022-experts-0128-0255.safetensors.lock
125	/models/Qwen3.8-Flash-Next-NVFP4-RadixArk/.cache/huggingface/download/layer-00022-experts-0128-0255.safetensors.metadata
0	/models/Qwen3.8-Flash-Next-NVFP4-RadixArk/.cache/huggingface/download/layer-00022-experts-0256-0383.complete.json.lock
100	/models/Qwen3.8-Flash-Next-NVFP4-RadixArk/.cache/huggingface/download/layer-00022-experts-0256-0383.complete.json.metadata
0	/models/Qwen3.8-Flash-Next-NVFP4-RadixArk/.cache/huggingface/download/layer-00022-experts-0256-0383.safetensors.lock
125	/models/Qwen3.8-Flash-Next-NVFP4-RadixArk/.cache/huggingface/download/layer-00022-experts-0256-0383.safetensors.metadata
0	/models/Qwen3.8-Flash-Next-NVFP4-RadixArk/.cache/huggingface/download/layer-00022-experts-0384-0511.complete.json.lock
101	/models/Qwen3.8-Flash-Next-NVFP4-RadixArk/.cache/huggingface/download/layer-00022-experts-0384-0511.complete.json.metadata
0	/models/Qwen3.8-Flash-Next-NVFP4-RadixArk/.cache/huggingface/download/layer-00022-experts-0384-0511.safetensors.lock
125	/models/Qwen3.8-Flash-Next-NVFP4-RadixArk/.cache/huggingface/download/layer-00022-experts-0384-0511.safetensors.metadata
0	/models/Qwen3.8-Flash-Next-NVFP4-RadixArk/.cache/huggingface/download/layer-00023-experts-0000-0127.complete.json.lock
101	/models/Qwen3.8-Flash-Next-NVFP4-RadixArk/.cache/huggingface/download/layer-00023-experts-0000-0127.complete.json.metadata
0	/models/Qwen3.8-Flash-Next-NVFP4-RadixArk/.cache/huggingface/download/layer-00023-experts-0000-0127.safetensors.lock
125	/models/Qwen3.8-Flash-Next-NVFP4-RadixArk/.cache/huggingface/download/layer-00023-experts-0000-0127.safetensors.metadata
0	/models/Qwen3.8-Flash-Next-NVFP4-RadixArk/.cache/huggingface/download/layer-00023-experts-0128-0255.complete.json.lock
101	/models/Qwen3.8-Flash-Next-NVFP4-RadixArk/.cache/huggingface/download/layer-00023-experts-0128-0255.complete.json.metadata
0	/models/Qwen3.8-Flash-Next-NVFP4-RadixArk/.cache/huggingface/download/layer-00023-experts-0128-0255.safetensors.lock
125	/models/Qwen3.8-Flash-Next-NVFP4-RadixArk/.cache/huggingface/download/layer-00023-experts-0128-0255.safetensors.metadata
0	/models/Qwen3.8-Flash-Next-NVFP4-RadixArk/.cache/huggingface/download/layer-00023-experts-0256-0383.complete.json.lock
100	/models/Qwen3.8-Flash-Next-NVFP4-RadixArk/.cache/huggingface/download/layer-00023-experts-0256-0383.complete.json.metadata
0	/models/Qwen3.8-Flash-Next-NVFP4-RadixArk/.cache/huggingface/download/layer-00023-experts-0256-0383.safetensors.lock
123	/models/Qwen3.8-Flash-Next-NVFP4-RadixArk/.cache/huggingface/download/layer-00023-experts-0256-0383.safetensors.metadata
0	/models/Qwen3.8-Flash-Next-NVFP4-RadixArk/.cache/huggingface/download/layer-00023-experts-0384-0511.complete.json.lock
101	/models/Qwen3.8-Flash-Next-NVFP4-RadixArk/.cache/huggingface/download/layer-00023-experts-0384-0511.complete.json.metadata
0	/models/Qwen3.8-Flash-Next-NVFP4-RadixArk/.cache/huggingface/download/layer-00023-experts-0384-0511.safetensors.lock
125	/models/Qwen3.8-Flash-Next-NVFP4-RadixArk/.cache/huggingface/download/layer-00023-experts-0384-0511.safetensors.metadata
0	/models/Qwen3.8-Flash-Next-NVFP4-RadixArk/.cache/huggingface/download/layer-00024-experts-0000-0127.complete.json.lock
100	/models/Qwen3.8-Flash-Next-NVFP4-RadixArk/.cache/huggingface/download/layer-00024-experts-0000-0127.complete.json.metadata
0	/models/Qwen3.8-Flash-Next-NVFP4-RadixArk/.cache/huggingface/download/layer-00024-experts-0000-0127.safetensors.lock
123	/models/Qwen3.8-Flash-Next-NVFP4-RadixArk/.cache/huggingface/download/layer-00024-experts-0000-0127.safetensors.metadata
0	/models/Qwen3.8-Flash-Next-NVFP4-RadixArk/.cache/huggingface/download/layer-00024-experts-0128-0255.complete.json.lock
101	/models/Qwen3.8-Flash-Next-NVFP4-RadixArk/.cache/huggingface/download/layer-00024-experts-0128-0255.complete.json.metadata
0	/models/Qwen3.8-Flash-Next-NVFP4-RadixArk/.cache/huggingface/download/layer-00024-experts-0128-0255.safetensors.lock
125	/models/Qwen3.8-Flash-Next-NVFP4-RadixArk/.cache/huggingface/download/layer-00024-experts-0128-0255.safetensors.metadata
0	/models/Qwen3.8-Flash-Next-NVFP4-RadixArk/.cache/huggingface/download/layer-00024-experts-0256-0383.complete.json.lock
101	/models/Qwen3.8-Flash-Next-NVFP4-RadixArk/.cache/huggingface/download/layer-00024-experts-0256-0383.complete.json.metadata
0	/models/Qwen3.8-Flash-Next-NVFP4-RadixArk/.cache/huggingface/download/layer-00024-experts-0256-0383.safetensors.lock
125	/models/Qwen3.8-Flash-Next-NVFP4-RadixArk/.cache/huggingface/download/layer-00024-experts-0256-0383.safetensors.metadata
0	/models/Qwen3.8-Flash-Next-NVFP4-RadixArk/.cache/huggingface/download/layer-00024-experts-0384-0511.complete.json.lock
101	/models/Qwen3.8-Flash-Next-NVFP4-RadixArk/.cache/huggingface/download/layer-00024-experts-0384-0511.complete.json.metadata
0	/models/Qwen3.8-Flash-Next-NVFP4-RadixArk/.cache/huggingface/download/layer-00024-experts-0384-0511.safetensors.lock
125	/models/Qwen3.8-Flash-Next-NVFP4-RadixArk/.cache/huggingface/download/layer-00024-experts-0384-0511.safetensors.metadata
0	/models/Qwen3.8-Flash-Next-NVFP4-RadixArk/.cache/huggingface/download/layer-00025-experts-0000-0127.complete.json.lock
101	/models/Qwen3.8-Flash-Next-NVFP4-RadixArk/.cache/huggingface/download/layer-00025-experts-0000-0127.complete.json.metadata
0	/models/Qwen3.8-Flash-Next-NVFP4-RadixArk/.cache/huggingface/download/layer-00025-experts-0000-0127.safetensors.lock
125	/models/Qwen3.8-Flash-Next-NVFP4-RadixArk/.cache/huggingface/download/layer-00025-experts-0000-0127.safetensors.metadata
0	/models/Qwen3.8-Flash-Next-NVFP4-RadixArk/.cache/huggingface/download/layer-00025-experts-0128-0255.complete.json.lock
101	/models/Qwen3.8-Flash-Next-NVFP4-RadixArk/.cache/huggingface/download/layer-00025-experts-0128-0255.complete.json.metadata
0	/models/Qwen3.8-Flash-Next-NVFP4-RadixArk/.cache/huggingface/download/layer-00025-experts-0128-0255.safetensors.lock
125	/models/Qwen3.8-Flash-Next-NVFP4-RadixArk/.cache/huggingface/download/layer-00025-experts-0128-0255.safetensors.metadata
0	/models/Qwen3.8-Flash-Next-NVFP4-RadixArk/.cache/huggingface/download/layer-00025-experts-0256-0383.complete.json.lock
101	/models/Qwen3.8-Flash-Next-NVFP4-RadixArk/.cache/huggingface/download/layer-00025-experts-0256-0383.complete.json.metadata
0	/models/Qwen3.8-Flash-Next-NVFP4-RadixArk/.cache/huggingface/download/layer-00025-experts-0256-0383.safetensors.lock
124	/models/Qwen3.8-Flash-Next-NVFP4-RadixArk/.cache/huggingface/download/layer-00025-experts-0256-0383.safetensors.metadata
0	/models/Qwen3.8-Flash-Next-NVFP4-RadixArk/.cache/huggingface/download/layer-00025-experts-0384-0511.complete.json.lock
101	/models/Qwen3.8-Flash-Next-NVFP4-RadixArk/.cache/huggingface/download/layer-00025-experts-0384-0511.complete.json.metadata
0	/models/Qwen3.8-Flash-Next-NVFP4-RadixArk/.cache/huggingface/download/layer-00025-experts-0384-0511.safetensors.lock
125	/models/Qwen3.8-Flash-Next-NVFP4-RadixArk/.cache/huggingface/download/layer-00025-experts-0384-0511.safetensors.metadata
0	/models/Qwen3.8-Flash-Next-NVFP4-RadixArk/.cache/huggingface/download/layer-00026-experts-0000-0127.complete.json.lock
101	/models/Qwen3.8-Flash-Next-NVFP4-RadixArk/.cache/huggingface/download/layer-00026-experts-0000-0127.complete.json.metadata
0	/models/Qwen3.8-Flash-Next-NVFP4-RadixArk/.cache/huggingface/download/layer-00026-experts-0000-0127.safetensors.lock
125	/models/Qwen3.8-Flash-Next-NVFP4-RadixArk/.cache/huggingface/download/layer-00026-experts-0000-0127.safetensors.metadata
0	/models/Qwen3.8-Flash-Next-NVFP4-RadixArk/.cache/huggingface/download/layer-00026-experts-0128-0255.complete.json.lock
101	/models/Qwen3.8-Flash-Next-NVFP4-RadixArk/.cache/huggingface/download/layer-00026-experts-0128-0255.complete.json.metadata
0	/models/Qwen3.8-Flash-Next-NVFP4-RadixArk/.cache/huggingface/download/layer-00026-experts-0128-0255.safetensors.lock
123	/models/Qwen3.8-Flash-Next-NVFP4-RadixArk/.cache/huggingface/download/layer-00026-experts-0128-0255.safetensors.metadata
0	/models/Qwen3.8-Flash-Next-NVFP4-RadixArk/.cache/huggingface/download/layer-00026-experts-0256-0383.complete.json.lock
101	/models/Qwen3.8-Flash-Next-NVFP4-RadixArk/.cache/huggingface/download/layer-00026-experts-0256-0383.complete.json.metadata
0	/models/Qwen3.8-Flash-Next-NVFP4-RadixArk/.cache/huggingface/download/layer-00026-experts-0256-0383.safetensors.lock
125	/models/Qwen3.8-Flash-Next-NVFP4-RadixArk/.cache/huggingface/download/layer-00026-experts-0256-0383.safetensors.metadata
0	/models/Qwen3.8-Flash-Next-NVFP4-RadixArk/.cache/huggingface/download/layer-00026-experts-0384-0511.complete.json.lock
101	/models/Qwen3.8-Flash-Next-NVFP4-RadixArk/.cache/huggingface/download/layer-00026-experts-0384-0511.complete.json.metadata
0	/models/Qwen3.8-Flash-Next-NVFP4-RadixArk/.cache/huggingface/download/layer-00026-experts-0384-0511.safetensors.lock
125	/models/Qwen3.8-Flash-Next-NVFP4-RadixArk/.cache/huggingface/download/layer-00026-experts-0384-0511.safetensors.metadata
0	/models/Qwen3.8-Flash-Next-NVFP4-RadixArk/.cache/huggingface/download/layer-00027-experts-0000-0127.complete.json.lock
101	/models/Qwen3.8-Flash-Next-NVFP4-RadixArk/.cache/huggingface/download/layer-00027-experts-0000-0127.complete.json.metadata
0	/models/Qwen3.8-Flash-Next-NVFP4-RadixArk/.cache/huggingface/download/layer-00027-experts-0000-0127.safetensors.lock
124	/models/Qwen3.8-Flash-Next-NVFP4-RadixArk/.cache/huggingface/download/layer-00027-experts-0000-0127.safetensors.metadata
0	/models/Qwen3.8-Flash-Next-NVFP4-RadixArk/.cache/huggingface/download/layer-00027-experts-0128-0255.complete.json.lock
101	/models/Qwen3.8-Flash-Next-NVFP4-RadixArk/.cache/huggingface/download/layer-00027-experts-0128-0255.complete.json.metadata
0	/models/Qwen3.8-Flash-Next-NVFP4-RadixArk/.cache/huggingface/download/layer-00027-experts-0128-0255.safetensors.lock
125	/models/Qwen3.8-Flash-Next-NVFP4-RadixArk/.cache/huggingface/download/layer-00027-experts-0128-0255.safetensors.metadata
0	/models/Qwen3.8-Flash-Next-NVFP4-RadixArk/.cache/huggingface/download/layer-00027-experts-0256-0383.complete.json.lock
101	/models/Qwen3.8-Flash-Next-NVFP4-RadixArk/.cache/huggingface/download/layer-00027-experts-0256-0383.complete.json.metadata
0	/models/Qwen3.8-Flash-Next-NVFP4-RadixArk/.cache/huggingface/download/layer-00027-experts-0256-0383.safetensors.lock
125	/models/Qwen3.8-Flash-Next-NVFP4-RadixArk/.cache/huggingface/download/layer-00027-experts-0256-0383.safetensors.metadata
0	/models/Qwen3.8-Flash-Next-NVFP4-RadixArk/.cache/huggingface/download/layer-00027-experts-0384-0511.complete.json.lock
101	/models/Qwen3.8-Flash-Next-NVFP4-RadixArk/.cache/huggingface/download/layer-00027-experts-0384-0511.complete.json.metadata
0	/models/Qwen3.8-Flash-Next-NVFP4-RadixArk/.cache/huggingface/download/layer-00027-experts-0384-0511.safetensors.lock
125	/models/Qwen3.8-Flash-Next-NVFP4-RadixArk/.cache/huggingface/download/layer-00027-experts-0384-0511.safetensors.metadata
0	/models/Qwen3.8-Flash-Next-NVFP4-RadixArk/.cache/huggingface/download/layer-00028-experts-0000-0127.complete.json.lock
100	/models/Qwen3.8-Flash-Next-NVFP4-RadixArk/.cache/huggingface/download/layer-00028-experts-0000-0127.complete.json.metadata
0	/models/Qwen3.8-Flash-Next-NVFP4-RadixArk/.cache/huggingface/download/layer-00028-experts-0000-0127.safetensors.lock
124	/models/Qwen3.8-Flash-Next-NVFP4-RadixArk/.cache/huggingface/download/layer-00028-experts-0000-0127.safetensors.metadata
0	/models/Qwen3.8-Flash-Next-NVFP4-RadixArk/.cache/huggingface/download/layer-00028-experts-0128-0255.complete.json.lock
101	/models/Qwen3.8-Flash-Next-NVFP4-RadixArk/.cache/huggingface/download/layer-00028-experts-0128-0255.complete.json.metadata
0	/models/Qwen3.8-Flash-Next-NVFP4-RadixArk/.cache/huggingface/download/layer-00028-experts-0128-0255.safetensors.lock
124	/models/Qwen3.8-Flash-Next-NVFP4-RadixArk/.cache/huggingface/download/layer-00028-experts-0128-0255.safetensors.metadata
0	/models/Qwen3.8-Flash-Next-NVFP4-RadixArk/.cache/huggingface/download/layer-00028-experts-0256-0383.complete.json.lock
101	/models/Qwen3.8-Flash-Next-NVFP4-RadixArk/.cache/huggingface/download/layer-00028-experts-0256-0383.complete.json.metadata
0	/models/Qwen3.8-Flash-Next-NVFP4-RadixArk/.cache/huggingface/download/layer-00028-experts-0256-0383.safetensors.lock
125	/models/Qwen3.8-Flash-Next-NVFP4-RadixArk/.cache/huggingface/download/layer-00028-experts-0256-0383.safetensors.metadata
0	/models/Qwen3.8-Flash-Next-NVFP4-RadixArk/.cache/huggingface/download/layer-00028-experts-0384-0511.complete.json.lock
100	/models/Qwen3.8-Flash-Next-NVFP4-RadixArk/.cache/huggingface/download/layer-00028-experts-0384-0511.complete.json.metadata
0	/models/Qwen3.8-Flash-Next-NVFP4-RadixArk/.cache/huggingface/download/layer-00028-experts-0384-0511.safetensors.lock
125	/models/Qwen3.8-Flash-Next-NVFP4-RadixArk/.cache/huggingface/download/layer-00028-experts-0384-0511.safetensors.metadata
0	/models/Qwen3.8-Flash-Next-NVFP4-RadixArk/.cache/huggingface/download/layer-00029-experts-0000-0127.complete.json.lock
101	/models/Qwen3.8-Flash-Next-NVFP4-RadixArk/.cache/huggingface/download/layer-00029-experts-0000-0127.complete.json.metadata
0	/models/Qwen3.8-Flash-Next-NVFP4-RadixArk/.cache/huggingface/download/layer-00029-experts-0000-0127.safetensors.lock
125	/models/Qwen3.8-Flash-Next-NVFP4-RadixArk/.cache/huggingface/download/layer-00029-experts-0000-0127.safetensors.metadata
0	/models/Qwen3.8-Flash-Next-NVFP4-RadixArk/.cache/huggingface/download/layer-00029-experts-0128-0255.complete.json.lock
101	/models/Qwen3.8-Flash-Next-NVFP4-RadixArk/.cache/huggingface/download/layer-00029-experts-0128-0255.complete.json.metadata
0	/models/Qwen3.8-Flash-Next-NVFP4-RadixArk/.cache/huggingface/download/layer-00029-experts-0128-0255.safetensors.lock
124	/models/Qwen3.8-Flash-Next-NVFP4-RadixArk/.cache/huggingface/download/layer-00029-experts-0128-0255.safetensors.metadata
0	/models/Qwen3.8-Flash-Next-NVFP4-RadixArk/.cache/huggingface/download/layer-00029-experts-0256-0383.complete.json.lock
101	/models/Qwen3.8-Flash-Next-NVFP4-RadixArk/.cache/huggingface/download/layer-00029-experts-0256-0383.complete.json.metadata
0	/models/Qwen3.8-Flash-Next-NVFP4-RadixArk/.cache/huggingface/download/layer-00029-experts-0256-0383.safetensors.lock
125	/models/Qwen3.8-Flash-Next-NVFP4-RadixArk/.cache/huggingface/download/layer-00029-experts-0256-0383.safetensors.metadata
0	/models/Qwen3.8-Flash-Next-NVFP4-RadixArk/.cache/huggingface/download/layer-00029-experts-0384-0511.complete.json.lock
101	/models/Qwen3.8-Flash-Next-NVFP4-RadixArk/.cache/huggingface/download/layer-00029-experts-0384-0511.complete.json.metadata
0	/models/Qwen3.8-Flash-Next-NVFP4-RadixArk/.cache/huggingface/download/layer-00029-experts-0384-0511.safetensors.lock
125	/models/Qwen3.8-Flash-Next-NVFP4-RadixArk/.cache/huggingface/download/layer-00029-experts-0384-0511.safetensors.metadata
0	/models/Qwen3.8-Flash-Next-NVFP4-RadixArk/.cache/huggingface/download/layer-00030-experts-0000-0127.complete.json.lock
101	/models/Qwen3.8-Flash-Next-NVFP4-RadixArk/.cache/huggingface/download/layer-00030-experts-0000-0127.complete.json.metadata
0	/models/Qwen3.8-Flash-Next-NVFP4-RadixArk/.cache/huggingface/download/layer-00030-experts-0000-0127.safetensors.lock
125	/models/Qwen3.8-Flash-Next-NVFP4-RadixArk/.cache/huggingface/download/layer-00030-experts-0000-0127.safetensors.metadata
0	/models/Qwen3.8-Flash-Next-NVFP4-RadixArk/.cache/huggingface/download/layer-00030-experts-0128-0255.complete.json.lock
101	/models/Qwen3.8-Flash-Next-NVFP4-RadixArk/.cache/huggingface/download/layer-00030-experts-0128-0255.complete.json.metadata
0	/models/Qwen3.8-Flash-Next-NVFP4-RadixArk/.cache/huggingface/download/layer-00030-experts-0128-0255.safetensors.lock
125	/models/Qwen3.8-Flash-Next-NVFP4-RadixArk/.cache/huggingface/download/layer-00030-experts-0128-0255.safetensors.metadata
0	/models/Qwen3.8-Flash-Next-NVFP4-RadixArk/.cache/huggingface/download/layer-00030-experts-0256-0383.complete.json.lock
101	/models/Qwen3.8-Flash-Next-NVFP4-RadixArk/.cache/huggingface/download/layer-00030-experts-0256-0383.complete.json.metadata
0	/models/Qwen3.8-Flash-Next-NVFP4-RadixArk/.cache/huggingface/download/layer-00030-experts-0256-0383.safetensors.lock
124	/models/Qwen3.8-Flash-Next-NVFP4-RadixArk/.cache/huggingface/download/layer-00030-experts-0256-0383.safetensors.metadata
0	/models/Qwen3.8-Flash-Next-NVFP4-RadixArk/.cache/huggingface/download/layer-00030-experts-0384-0511.complete.json.lock
100	/models/Qwen3.8-Flash-Next-NVFP4-RadixArk/.cache/huggingface/download/layer-00030-experts-0384-0511.complete.json.metadata
0	/models/Qwen3.8-Flash-Next-NVFP4-RadixArk/.cache/huggingface/download/layer-00030-experts-0384-0511.safetensors.lock
124	/models/Qwen3.8-Flash-Next-NVFP4-RadixArk/.cache/huggingface/download/layer-00030-experts-0384-0511.safetensors.metadata
0	/models/Qwen3.8-Flash-Next-NVFP4-RadixArk/.cache/huggingface/download/layer-00031-experts-0000-0127.complete.json.lock
101	/models/Qwen3.8-Flash-Next-NVFP4-RadixArk/.cache/huggingface/download/layer-00031-experts-0000-0127.complete.json.metadata
0	/models/Qwen3.8-Flash-Next-NVFP4-RadixArk/.cache/huggingface/download/layer-00031-experts-0000-0127.safetensors.lock
124	/models/Qwen3.8-Flash-Next-NVFP4-RadixArk/.cache/huggingface/download/layer-00031-experts-0000-0127.safetensors.metadata
0	/models/Qwen3.8-Flash-Next-NVFP4-RadixArk/.cache/huggingface/download/layer-00031-experts-0128-0255.complete.json.lock
101	/models/Qwen3.8-Flash-Next-NVFP4-RadixArk/.cache/huggingface/download/layer-00031-experts-0128-0255.complete.json.metadata
0	/models/Qwen3.8-Flash-Next-NVFP4-RadixArk/.cache/huggingface/download/layer-00031-experts-0128-0255.safetensors.lock
125	/models/Qwen3.8-Flash-Next-NVFP4-RadixArk/.cache/huggingface/download/layer-00031-experts-0128-0255.safetensors.metadata
0	/models/Qwen3.8-Flash-Next-NVFP4-RadixArk/.cache/huggingface/download/layer-00031-experts-0256-0383.complete.json.lock
101	/models/Qwen3.8-Flash-Next-NVFP4-RadixArk/.cache/huggingface/download/layer-00031-experts-0256-0383.complete.json.metadata
0	/models/Qwen3.8-Flash-Next-NVFP4-RadixArk/.cache/huggingface/download/layer-00031-experts-0256-0383.safetensors.lock
125	/models/Qwen3.8-Flash-Next-NVFP4-RadixArk/.cache/huggingface/download/layer-00031-experts-0256-0383.safetensors.metadata
0	/models/Qwen3.8-Flash-Next-NVFP4-RadixArk/.cache/huggingface/download/layer-00031-experts-0384-0511.complete.json.lock
100	/models/Qwen3.8-Flash-Next-NVFP4-RadixArk/.cache/huggingface/download/layer-00031-experts-0384-0511.complete.json.metadata
0	/models/Qwen3.8-Flash-Next-NVFP4-RadixArk/.cache/huggingface/download/layer-00031-experts-0384-0511.safetensors.lock
125	/models/Qwen3.8-Flash-Next-NVFP4-RadixArk/.cache/huggingface/download/layer-00031-experts-0384-0511.safetensors.metadata
0	/models/Qwen3.8-Flash-Next-NVFP4-RadixArk/.cache/huggingface/download/layer-00032-experts-0000-0127.complete.json.lock
100	/models/Qwen3.8-Flash-Next-NVFP4-RadixArk/.cache/huggingface/download/layer-00032-experts-0000-0127.complete.json.metadata
0	/models/Qwen3.8-Flash-Next-NVFP4-RadixArk/.cache/huggingface/download/layer-00032-experts-0000-0127.safetensors.lock
124	/models/Qwen3.8-Flash-Next-NVFP4-RadixArk/.cache/huggingface/download/layer-00032-experts-0000-0127.safetensors.metadata
0	/models/Qwen3.8-Flash-Next-NVFP4-RadixArk/.cache/huggingface/download/layer-00032-experts-0128-0255.complete.json.lock
101	/models/Qwen3.8-Flash-Next-NVFP4-RadixArk/.cache/huggingface/download/layer-00032-experts-0128-0255.complete.json.metadata
0	/models/Qwen3.8-Flash-Next-NVFP4-RadixArk/.cache/huggingface/download/layer-00032-experts-0128-0255.safetensors.lock
125	/models/Qwen3.8-Flash-Next-NVFP4-RadixArk/.cache/huggingface/download/layer-00032-experts-0128-0255.safetensors.metadata
0	/models/Qwen3.8-Flash-Next-NVFP4-RadixArk/.cache/huggingface/download/layer-00032-experts-0256-0383.complete.json.lock
101	/models/Qwen3.8-Flash-Next-NVFP4-RadixArk/.cache/huggingface/download/layer-00032-experts-0256-0383.complete.json.metadata
0	/models/Qwen3.8-Flash-Next-NVFP4-RadixArk/.cache/huggingface/download/layer-00032-experts-0256-0383.safetensors.lock
124	/models/Qwen3.8-Flash-Next-NVFP4-RadixArk/.cache/huggingface/download/layer-00032-experts-0256-0383.safetensors.metadata
0	/models/Qwen3.8-Flash-Next-NVFP4-RadixArk/.cache/huggingface/download/layer-00032-experts-0384-0511.complete.json.lock
101	/models/Qwen3.8-Flash-Next-NVFP4-RadixArk/.cache/huggingface/download/layer-00032-experts-0384-0511.complete.json.metadata
0	/models/Qwen3.8-Flash-Next-NVFP4-RadixArk/.cache/huggingface/download/layer-00032-experts-0384-0511.safetensors.lock
125	/models/Qwen3.8-Flash-Next-NVFP4-RadixArk/.cache/huggingface/download/layer-00032-experts-0384-0511.safetensors.metadata
0	/models/Qwen3.8-Flash-Next-NVFP4-RadixArk/.cache/huggingface/download/layer-00033-experts-0000-0127.complete.json.lock
101	/models/Qwen3.8-Flash-Next-NVFP4-RadixArk/.cache/huggingface/download/layer-00033-experts-0000-0127.complete.json.metadata
0	/models/Qwen3.8-Flash-Next-NVFP4-RadixArk/.cache/huggingface/download/layer-00033-experts-0000-0127.safetensors.lock
125	/models/Qwen3.8-Flash-Next-NVFP4-RadixArk/.cache/huggingface/download/layer-00033-experts-0000-0127.safetensors.metadata
0	/models/Qwen3.8-Flash-Next-NVFP4-RadixArk/.cache/huggingface/download/layer-00033-experts-0128-0255.complete.json.lock
101	/models/Qwen3.8-Flash-Next-NVFP4-RadixArk/.cache/huggingface/download/layer-00033-experts-0128-0255.complete.json.metadata
0	/models/Qwen3.8-Flash-Next-NVFP4-RadixArk/.cache/huggingface/download/layer-00033-experts-0128-0255.safetensors.lock
125	/models/Qwen3.8-Flash-Next-NVFP4-RadixArk/.cache/huggingface/download/layer-00033-experts-0128-0255.safetensors.metadata
0	/models/Qwen3.8-Flash-Next-NVFP4-RadixArk/.cache/huggingface/download/layer-00033-experts-0256-0383.complete.json.lock
100	/models/Qwen3.8-Flash-Next-NVFP4-RadixArk/.cache/huggingface/download/layer-00033-experts-0256-0383.complete.json.metadata
0	/models/Qwen3.8-Flash-Next-NVFP4-RadixArk/.cache/huggingface/download/layer-00033-experts-0256-0383.safetensors.lock
122	/models/Qwen3.8-Flash-Next-NVFP4-RadixArk/.cache/huggingface/download/layer-00033-experts-0256-0383.safetensors.metadata
0	/models/Qwen3.8-Flash-Next-NVFP4-RadixArk/.cache/huggingface/download/layer-00033-experts-0384-0511.complete.json.lock
101	/models/Qwen3.8-Flash-Next-NVFP4-RadixArk/.cache/huggingface/download/layer-00033-experts-0384-0511.complete.json.metadata
0	/models/Qwen3.8-Flash-Next-NVFP4-RadixArk/.cache/huggingface/download/layer-00033-experts-0384-0511.safetensors.lock
125	/models/Qwen3.8-Flash-Next-NVFP4-RadixArk/.cache/huggingface/download/layer-00033-experts-0384-0511.safetensors.metadata
0	/models/Qwen3.8-Flash-Next-NVFP4-RadixArk/.cache/huggingface/download/layer-00034-experts-0000-0127.complete.json.lock
101	/models/Qwen3.8-Flash-Next-NVFP4-RadixArk/.cache/huggingface/download/layer-00034-experts-0000-0127.complete.json.metadata
0	/models/Qwen3.8-Flash-Next-NVFP4-RadixArk/.cache/huggingface/download/layer-00034-experts-0000-0127.safetensors.lock
125	/models/Qwen3.8-Flash-Next-NVFP4-RadixArk/.cache/huggingface/download/layer-00034-experts-0000-0127.safetensors.metadata
0	/models/Qwen3.8-Flash-Next-NVFP4-RadixArk/.cache/huggingface/download/layer-00034-experts-0128-0255.complete.json.lock
100	/models/Qwen3.8-Flash-Next-NVFP4-RadixArk/.cache/huggingface/download/layer-00034-experts-0128-0255.complete.json.metadata
0	/models/Qwen3.8-Flash-Next-NVFP4-RadixArk/.cache/huggingface/download/layer-00034-experts-0128-0255.safetensors.lock
124	/models/Qwen3.8-Flash-Next-NVFP4-RadixArk/.cache/huggingface/download/layer-00034-experts-0128-0255.safetensors.metadata
0	/models/Qwen3.8-Flash-Next-NVFP4-RadixArk/.cache/huggingface/download/layer-00034-experts-0256-0383.complete.json.lock
101	/models/Qwen3.8-Flash-Next-NVFP4-RadixArk/.cache/huggingface/download/layer-00034-experts-0256-0383.complete.json.metadata
0	/models/Qwen3.8-Flash-Next-NVFP4-RadixArk/.cache/huggingface/download/layer-00034-experts-0256-0383.safetensors.lock
124	/models/Qwen3.8-Flash-Next-NVFP4-RadixArk/.cache/huggingface/download/layer-00034-experts-0256-0383.safetensors.metadata
0	/models/Qwen3.8-Flash-Next-NVFP4-RadixArk/.cache/huggingface/download/layer-00034-experts-0384-0511.complete.json.lock
101	/models/Qwen3.8-Flash-Next-NVFP4-RadixArk/.cache/huggingface/download/layer-00034-experts-0384-0511.complete.json.metadata
0	/models/Qwen3.8-Flash-Next-NVFP4-RadixArk/.cache/huggingface/download/layer-00034-experts-0384-0511.safetensors.lock
124	/models/Qwen3.8-Flash-Next-NVFP4-RadixArk/.cache/huggingface/download/layer-00034-experts-0384-0511.safetensors.metadata
0	/models/Qwen3.8-Flash-Next-NVFP4-RadixArk/.cache/huggingface/download/layer-00035-experts-0000-0127.complete.json.lock
101	/models/Qwen3.8-Flash-Next-NVFP4-RadixArk/.cache/huggingface/download/layer-00035-experts-0000-0127.complete.json.metadata
0	/models/Qwen3.8-Flash-Next-NVFP4-RadixArk/.cache/huggingface/download/layer-00035-experts-0000-0127.safetensors.lock
125	/models/Qwen3.8-Flash-Next-NVFP4-RadixArk/.cache/huggingface/download/layer-00035-experts-0000-0127.safetensors.metadata
0	/models/Qwen3.8-Flash-Next-NVFP4-RadixArk/.cache/huggingface/download/layer-00035-experts-0128-0255.complete.json.lock
101	/models/Qwen3.8-Flash-Next-NVFP4-RadixArk/.cache/huggingface/download/layer-00035-experts-0128-0255.complete.json.metadata
0	/models/Qwen3.8-Flash-Next-NVFP4-RadixArk/.cache/huggingface/download/layer-00035-experts-0128-0255.safetensors.lock
125	/models/Qwen3.8-Flash-Next-NVFP4-RadixArk/.cache/huggingface/download/layer-00035-experts-0128-0255.safetensors.metadata
0	/models/Qwen3.8-Flash-Next-NVFP4-RadixArk/.cache/huggingface/download/layer-00035-experts-0256-0383.complete.json.lock
101	/models/Qwen3.8-Flash-Next-NVFP4-RadixArk/.cache/huggingface/download/layer-00035-experts-0256-0383.complete.json.metadata
0	/models/Qwen3.8-Flash-Next-NVFP4-RadixArk/.cache/huggingface/download/layer-00035-experts-0256-0383.safetensors.lock
125	/models/Qwen3.8-Flash-Next-NVFP4-RadixArk/.cache/huggingface/download/layer-00035-experts-0256-0383.safetensors.metadata
0	/models/Qwen3.8-Flash-Next-NVFP4-RadixArk/.cache/huggingface/download/layer-00035-experts-0384-0511.complete.json.lock
101	/models/Qwen3.8-Flash-Next-NVFP4-RadixArk/.cache/huggingface/download/layer-00035-experts-0384-0511.complete.json.metadata
0	/models/Qwen3.8-Flash-Next-NVFP4-RadixArk/.cache/huggingface/download/layer-00035-experts-0384-0511.safetensors.lock
124	/models/Qwen3.8-Flash-Next-NVFP4-RadixArk/.cache/huggingface/download/layer-00035-experts-0384-0511.safetensors.metadata
0	/models/Qwen3.8-Flash-Next-NVFP4-RadixArk/.cache/huggingface/download/layer-00036-experts-0000-0127.complete.json.lock
101	/models/Qwen3.8-Flash-Next-NVFP4-RadixArk/.cache/huggingface/download/layer-00036-experts-0000-0127.complete.json.metadata
0	/models/Qwen3.8-Flash-Next-NVFP4-RadixArk/.cache/huggingface/download/layer-00036-experts-0000-0127.safetensors.lock
125	/models/Qwen3.8-Flash-Next-NVFP4-RadixArk/.cache/huggingface/download/layer-00036-experts-0000-0127.safetensors.metadata
0	/models/Qwen3.8-Flash-Next-NVFP4-RadixArk/.cache/huggingface/download/layer-00036-experts-0128-0255.complete.json.lock
101	/models/Qwen3.8-Flash-Next-NVFP4-RadixArk/.cache/huggingface/download/layer-00036-experts-0128-0255.complete.json.metadata
0	/models/Qwen3.8-Flash-Next-NVFP4-RadixArk/.cache/huggingface/download/layer-00036-experts-0128-0255.safetensors.lock
125	/models/Qwen3.8-Flash-Next-NVFP4-RadixArk/.cache/huggingface/download/layer-00036-experts-0128-0255.safetensors.metadata
0	/models/Qwen3.8-Flash-Next-NVFP4-RadixArk/.cache/huggingface/download/layer-00036-experts-0256-0383.complete.json.lock
101	/models/Qwen3.8-Flash-Next-NVFP4-RadixArk/.cache/huggingface/download/layer-00036-experts-0256-0383.complete.json.metadata
0	/models/Qwen3.8-Flash-Next-NVFP4-RadixArk/.cache/huggingface/download/layer-00036-experts-0256-0383.safetensors.lock
125	/models/Qwen3.8-Flash-Next-NVFP4-RadixArk/.cache/huggingface/download/layer-00036-experts-0256-0383.safetensors.metadata
0	/models/Qwen3.8-Flash-Next-NVFP4-RadixArk/.cache/huggingface/download/layer-00036-experts-0384-0511.complete.json.lock
101	/models/Qwen3.8-Flash-Next-NVFP4-RadixArk/.cache/huggingface/download/layer-00036-experts-0384-0511.complete.json.metadata
0	/models/Qwen3.8-Flash-Next-NVFP4-RadixArk/.cache/huggingface/download/layer-00036-experts-0384-0511.safetensors.lock
125	/models/Qwen3.8-Flash-Next-NVFP4-RadixArk/.cache/huggingface/download/layer-00036-experts-0384-0511.safetensors.metadata
0	/models/Qwen3.8-Flash-Next-NVFP4-RadixArk/.cache/huggingface/download/layer-00037-experts-0000-0127.complete.json.lock
101	/models/Qwen3.8-Flash-Next-NVFP4-RadixArk/.cache/huggingface/download/layer-00037-experts-0000-0127.complete.json.metadata
0	/models/Qwen3.8-Flash-Next-NVFP4-RadixArk/.cache/huggingface/download/layer-00037-experts-0000-0127.safetensors.lock
125	/models/Qwen3.8-Flash-Next-NVFP4-RadixArk/.cache/huggingface/download/layer-00037-experts-0000-0127.safetensors.metadata
0	/models/Qwen3.8-Flash-Next-NVFP4-RadixArk/.cache/huggingface/download/layer-00037-experts-0128-0255.complete.json.lock
101	/models/Qwen3.8-Flash-Next-NVFP4-RadixArk/.cache/huggingface/download/layer-00037-experts-0128-0255.complete.json.metadata
0	/models/Qwen3.8-Flash-Next-NVFP4-RadixArk/.cache/huggingface/download/layer-00037-experts-0128-0255.safetensors.lock
124	/models/Qwen3.8-Flash-Next-NVFP4-RadixArk/.cache/huggingface/download/layer-00037-experts-0128-0255.safetensors.metadata
0	/models/Qwen3.8-Flash-Next-NVFP4-RadixArk/.cache/huggingface/download/layer-00037-experts-0256-0383.complete.json.lock
101	/models/Qwen3.8-Flash-Next-NVFP4-RadixArk/.cache/huggingface/download/layer-00037-experts-0256-0383.complete.json.metadata
0	/models/Qwen3.8-Flash-Next-NVFP4-RadixArk/.cache/huggingface/download/layer-00037-experts-0256-0383.safetensors.lock
125	/models/Qwen3.8-Flash-Next-NVFP4-RadixArk/.cache/huggingface/download/layer-00037-experts-0256-0383.safetensors.metadata
0	/models/Qwen3.8-Flash-Next-NVFP4-RadixArk/.cache/huggingface/download/layer-00037-experts-0384-0511.complete.json.lock
101	/models/Qwen3.8-Flash-Next-NVFP4-RadixArk/.cache/huggingface/download/layer-00037-experts-0384-0511.complete.json.metadata
0	/models/Qwen3.8-Flash-Next-NVFP4-RadixArk/.cache/huggingface/download/layer-00037-experts-0384-0511.safetensors.lock
125	/models/Qwen3.8-Flash-Next-NVFP4-RadixArk/.cache/huggingface/download/layer-00037-experts-0384-0511.safetensors.metadata
0	/models/Qwen3.8-Flash-Next-NVFP4-RadixArk/.cache/huggingface/download/layer-00038-experts-0000-0127.complete.json.lock
101	/models/Qwen3.8-Flash-Next-NVFP4-RadixArk/.cache/huggingface/download/layer-00038-experts-0000-0127.complete.json.metadata
0	/models/Qwen3.8-Flash-Next-NVFP4-RadixArk/.cache/huggingface/download/layer-00038-experts-0000-0127.safetensors.lock
125	/models/Qwen3.8-Flash-Next-NVFP4-RadixArk/.cache/huggingface/download/layer-00038-experts-0000-0127.safetensors.metadata
0	/models/Qwen3.8-Flash-Next-NVFP4-RadixArk/.cache/huggingface/download/layer-00038-experts-0128-0255.complete.json.lock
101	/models/Qwen3.8-Flash-Next-NVFP4-RadixArk/.cache/huggingface/download/layer-00038-experts-0128-0255.complete.json.metadata
0	/models/Qwen3.8-Flash-Next-NVFP4-RadixArk/.cache/huggingface/download/layer-00038-experts-0128-0255.safetensors.lock
125	/models/Qwen3.8-Flash-Next-NVFP4-RadixArk/.cache/huggingface/download/layer-00038-experts-0128-0255.safetensors.metadata
0	/models/Qwen3.8-Flash-Next-NVFP4-RadixArk/.cache/huggingface/download/layer-00038-experts-0256-0383.complete.json.lock
101	/models/Qwen3.8-Flash-Next-NVFP4-RadixArk/.cache/huggingface/download/layer-00038-experts-0256-0383.complete.json.metadata
0	/models/Qwen3.8-Flash-Next-NVFP4-RadixArk/.cache/huggingface/download/layer-00038-experts-0256-0383.safetensors.lock
124	/models/Qwen3.8-Flash-Next-NVFP4-RadixArk/.cache/huggingface/download/layer-00038-experts-0256-0383.safetensors.metadata
0	/models/Qwen3.8-Flash-Next-NVFP4-RadixArk/.cache/huggingface/download/layer-00038-experts-0384-0511.complete.json.lock
101	/models/Qwen3.8-Flash-Next-NVFP4-RadixArk/.cache/huggingface/download/layer-00038-experts-0384-0511.complete.json.metadata
0	/models/Qwen3.8-Flash-Next-NVFP4-RadixArk/.cache/huggingface/download/layer-00038-experts-0384-0511.safetensors.lock
124	/models/Qwen3.8-Flash-Next-NVFP4-RadixArk/.cache/huggingface/download/layer-00038-experts-0384-0511.safetensors.metadata
0	/models/Qwen3.8-Flash-Next-NVFP4-RadixArk/.cache/huggingface/download/layer-00039-experts-0000-0127.complete.json.lock
101	/models/Qwen3.8-Flash-Next-NVFP4-RadixArk/.cache/huggingface/download/layer-00039-experts-0000-0127.complete.json.metadata
0	/models/Qwen3.8-Flash-Next-NVFP4-RadixArk/.cache/huggingface/download/layer-00039-experts-0000-0127.safetensors.lock
125	/models/Qwen3.8-Flash-Next-NVFP4-RadixArk/.cache/huggingface/download/layer-00039-experts-0000-0127.safetensors.metadata
0	/models/Qwen3.8-Flash-Next-NVFP4-RadixArk/.cache/huggingface/download/layer-00039-experts-0128-0255.complete.json.lock
101	/models/Qwen3.8-Flash-Next-NVFP4-RadixArk/.cache/huggingface/download/layer-00039-experts-0128-0255.complete.json.metadata
0	/models/Qwen3.8-Flash-Next-NVFP4-RadixArk/.cache/huggingface/download/layer-00039-experts-0128-0255.safetensors.lock
125	/models/Qwen3.8-Flash-Next-NVFP4-RadixArk/.cache/huggingface/download/layer-00039-experts-0128-0255.safetensors.metadata
0	/models/Qwen3.8-Flash-Next-NVFP4-RadixArk/.cache/huggingface/download/layer-00039-experts-0256-0383.complete.json.lock
101	/models/Qwen3.8-Flash-Next-NVFP4-RadixArk/.cache/huggingface/download/layer-00039-experts-0256-0383.complete.json.metadata
0	/models/Qwen3.8-Flash-Next-NVFP4-RadixArk/.cache/huggingface/download/layer-00039-experts-0256-0383.safetensors.lock
125	/models/Qwen3.8-Flash-Next-NVFP4-RadixArk/.cache/huggingface/download/layer-00039-experts-0256-0383.safetensors.metadata
0	/models/Qwen3.8-Flash-Next-NVFP4-RadixArk/.cache/huggingface/download/layer-00039-experts-0384-0511.complete.json.lock
100	/models/Qwen3.8-Flash-Next-NVFP4-RadixArk/.cache/huggingface/download/layer-00039-experts-0384-0511.complete.json.metadata
0	/models/Qwen3.8-Flash-Next-NVFP4-RadixArk/.cache/huggingface/download/layer-00039-experts-0384-0511.safetensors.lock
125	/models/Qwen3.8-Flash-Next-NVFP4-RadixArk/.cache/huggingface/download/layer-00039-experts-0384-0511.safetensors.metadata
0	/models/Qwen3.8-Flash-Next-NVFP4-RadixArk/.cache/huggingface/download/layer-00040-experts-0000-0127.complete.json.lock
101	/models/Qwen3.8-Flash-Next-NVFP4-RadixArk/.cache/huggingface/download/layer-00040-experts-0000-0127.complete.json.metadata
0	/models/Qwen3.8-Flash-Next-NVFP4-RadixArk/.cache/huggingface/download/layer-00040-experts-0000-0127.safetensors.lock
125	/models/Qwen3.8-Flash-Next-NVFP4-RadixArk/.cache/huggingface/download/layer-00040-experts-0000-0127.safetensors.metadata
0	/models/Qwen3.8-Flash-Next-NVFP4-RadixArk/.cache/huggingface/download/layer-00040-experts-0128-0255.complete.json.lock
100	/models/Qwen3.8-Flash-Next-NVFP4-RadixArk/.cache/huggingface/download/layer-00040-experts-0128-0255.complete.json.metadata
0	/models/Qwen3.8-Flash-Next-NVFP4-RadixArk/.cache/huggingface/download/layer-00040-experts-0128-0255.safetensors.lock
125	/models/Qwen3.8-Flash-Next-NVFP4-RadixArk/.cache/huggingface/download/layer-00040-experts-0128-0255.safetensors.metadata
0	/models/Qwen3.8-Flash-Next-NVFP4-RadixArk/.cache/huggingface/download/layer-00040-experts-0256-0383.complete.json.lock
101	/models/Qwen3.8-Flash-Next-NVFP4-RadixArk/.cache/huggingface/download/layer-00040-experts-0256-0383.complete.json.metadata
0	/models/Qwen3.8-Flash-Next-NVFP4-RadixArk/.cache/huggingface/download/layer-00040-experts-0256-0383.safetensors.lock
124	/models/Qwen3.8-Flash-Next-NVFP4-RadixArk/.cache/huggingface/download/layer-00040-experts-0256-0383.safetensors.metadata
0	/models/Qwen3.8-Flash-Next-NVFP4-RadixArk/.cache/huggingface/download/layer-00040-experts-0384-0511.complete.json.lock
101	/models/Qwen3.8-Flash-Next-NVFP4-RadixArk/.cache/huggingface/download/layer-00040-experts-0384-0511.complete.json.metadata
0	/models/Qwen3.8-Flash-Next-NVFP4-RadixArk/.cache/huggingface/download/layer-00040-experts-0384-0511.safetensors.lock
125	/models/Qwen3.8-Flash-Next-NVFP4-RadixArk/.cache/huggingface/download/layer-00040-experts-0384-0511.safetensors.metadata
0	/models/Qwen3.8-Flash-Next-NVFP4-RadixArk/.cache/huggingface/download/layer-00041-experts-0000-0127.complete.json.lock
101	/models/Qwen3.8-Flash-Next-NVFP4-RadixArk/.cache/huggingface/download/layer-00041-experts-0000-0127.complete.json.metadata
0	/models/Qwen3.8-Flash-Next-NVFP4-RadixArk/.cache/huggingface/download/layer-00041-experts-0000-0127.safetensors.lock
125	/models/Qwen3.8-Flash-Next-NVFP4-RadixArk/.cache/huggingface/download/layer-00041-experts-0000-0127.safetensors.metadata
0	/models/Qwen3.8-Flash-Next-NVFP4-RadixArk/.cache/huggingface/download/layer-00041-experts-0128-0255.complete.json.lock
101	/models/Qwen3.8-Flash-Next-NVFP4-RadixArk/.cache/huggingface/download/layer-00041-experts-0128-0255.complete.json.metadata
0	/models/Qwen3.8-Flash-Next-NVFP4-RadixArk/.cache/huggingface/download/layer-00041-experts-0128-0255.safetensors.lock
125	/models/Qwen3.8-Flash-Next-NVFP4-RadixArk/.cache/huggingface/download/layer-00041-experts-0128-0255.safetensors.metadata
0	/models/Qwen3.8-Flash-Next-NVFP4-RadixArk/.cache/huggingface/download/layer-00041-experts-0256-0383.complete.json.lock
101	/models/Qwen3.8-Flash-Next-NVFP4-RadixArk/.cache/huggingface/download/layer-00041-experts-0256-0383.complete.json.metadata
0	/models/Qwen3.8-Flash-Next-NVFP4-RadixArk/.cache/huggingface/download/layer-00041-experts-0256-0383.safetensors.lock
125	/models/Qwen3.8-Flash-Next-NVFP4-RadixArk/.cache/huggingface/download/layer-00041-experts-0256-0383.safetensors.metadata
0	/models/Qwen3.8-Flash-Next-NVFP4-RadixArk/.cache/huggingface/download/layer-00041-experts-0384-0511.complete.json.lock
100	/models/Qwen3.8-Flash-Next-NVFP4-RadixArk/.cache/huggingface/download/layer-00041-experts-0384-0511.complete.json.metadata
0	/models/Qwen3.8-Flash-Next-NVFP4-RadixArk/.cache/huggingface/download/layer-00041-experts-0384-0511.safetensors.lock
125	/models/Qwen3.8-Flash-Next-NVFP4-RadixArk/.cache/huggingface/download/layer-00041-experts-0384-0511.safetensors.metadata
0	/models/Qwen3.8-Flash-Next-NVFP4-RadixArk/.cache/huggingface/download/layer-00042-experts-0000-0127.complete.json.lock
101	/models/Qwen3.8-Flash-Next-NVFP4-RadixArk/.cache/huggingface/download/layer-00042-experts-0000-0127.complete.json.metadata
0	/models/Qwen3.8-Flash-Next-NVFP4-RadixArk/.cache/huggingface/download/layer-00042-experts-0000-0127.safetensors.lock
125	/models/Qwen3.8-Flash-Next-NVFP4-RadixArk/.cache/huggingface/download/layer-00042-experts-0000-0127.safetensors.metadata
0	/models/Qwen3.8-Flash-Next-NVFP4-RadixArk/.cache/huggingface/download/layer-00042-experts-0128-0255.complete.json.lock
101	/models/Qwen3.8-Flash-Next-NVFP4-RadixArk/.cache/huggingface/download/layer-00042-experts-0128-0255.complete.json.metadata
0	/models/Qwen3.8-Flash-Next-NVFP4-RadixArk/.cache/huggingface/download/layer-00042-experts-0128-0255.safetensors.lock
124	/models/Qwen3.8-Flash-Next-NVFP4-RadixArk/.cache/huggingface/download/layer-00042-experts-0128-0255.safetensors.metadata
0	/models/Qwen3.8-Flash-Next-NVFP4-RadixArk/.cache/huggingface/download/layer-00042-experts-0256-0383.complete.json.lock
101	/models/Qwen3.8-Flash-Next-NVFP4-RadixArk/.cache/huggingface/download/layer-00042-experts-0256-0383.complete.json.metadata
0	/models/Qwen3.8-Flash-Next-NVFP4-RadixArk/.cache/huggingface/download/layer-00042-experts-0256-0383.safetensors.lock
124	/models/Qwen3.8-Flash-Next-NVFP4-RadixArk/.cache/huggingface/download/layer-00042-experts-0256-0383.safetensors.metadata
0	/models/Qwen3.8-Flash-Next-NVFP4-RadixArk/.cache/huggingface/download/layer-00042-experts-0384-0511.complete.json.lock
101	/models/Qwen3.8-Flash-Next-NVFP4-RadixArk/.cache/huggingface/download/layer-00042-experts-0384-0511.complete.json.metadata
0	/models/Qwen3.8-Flash-Next-NVFP4-RadixArk/.cache/huggingface/download/layer-00042-experts-0384-0511.safetensors.lock
125	/models/Qwen3.8-Flash-Next-NVFP4-RadixArk/.cache/huggingface/download/layer-00042-experts-0384-0511.safetensors.metadata
0	/models/Qwen3.8-Flash-Next-NVFP4-RadixArk/.cache/huggingface/download/layer-00043-experts-0000-0127.complete.json.lock
101	/models/Qwen3.8-Flash-Next-NVFP4-RadixArk/.cache/huggingface/download/layer-00043-experts-0000-0127.complete.json.metadata
0	/models/Qwen3.8-Flash-Next-NVFP4-RadixArk/.cache/huggingface/download/layer-00043-experts-0000-0127.safetensors.lock
125	/models/Qwen3.8-Flash-Next-NVFP4-RadixArk/.cache/huggingface/download/layer-00043-experts-0000-0127.safetensors.metadata
0	/models/Qwen3.8-Flash-Next-NVFP4-RadixArk/.cache/huggingface/download/layer-00043-experts-0128-0255.complete.json.lock
101	/models/Qwen3.8-Flash-Next-NVFP4-RadixArk/.cache/huggingface/download/layer-00043-experts-0128-0255.complete.json.metadata
0	/models/Qwen3.8-Flash-Next-NVFP4-RadixArk/.cache/huggingface/download/layer-00043-experts-0128-0255.safetensors.lock
125	/models/Qwen3.8-Flash-Next-NVFP4-RadixArk/.cache/huggingface/download/layer-00043-experts-0128-0255.safetensors.metadata
0	/models/Qwen3.8-Flash-Next-NVFP4-RadixArk/.cache/huggingface/download/layer-00043-experts-0256-0383.complete.json.lock
100	/models/Qwen3.8-Flash-Next-NVFP4-RadixArk/.cache/huggingface/download/layer-00043-experts-0256-0383.complete.json.metadata
0	/models/Qwen3.8-Flash-Next-NVFP4-RadixArk/.cache/huggingface/download/layer-00043-experts-0256-0383.safetensors.lock
125	/models/Qwen3.8-Flash-Next-NVFP4-RadixArk/.cache/huggingface/download/layer-00043-experts-0256-0383.safetensors.metadata
0	/models/Qwen3.8-Flash-Next-NVFP4-RadixArk/.cache/huggingface/download/layer-00043-experts-0384-0511.complete.json.lock
101	/models/Qwen3.8-Flash-Next-NVFP4-RadixArk/.cache/huggingface/download/layer-00043-experts-0384-0511.complete.json.metadata
0	/models/Qwen3.8-Flash-Next-NVFP4-RadixArk/.cache/huggingface/download/layer-00043-experts-0384-0511.safetensors.lock
125	/models/Qwen3.8-Flash-Next-NVFP4-RadixArk/.cache/huggingface/download/layer-00043-experts-0384-0511.safetensors.metadata
0	/models/Qwen3.8-Flash-Next-NVFP4-RadixArk/.cache/huggingface/download/layer-00044-experts-0000-0127.complete.json.lock
101	/models/Qwen3.8-Flash-Next-NVFP4-RadixArk/.cache/huggingface/download/layer-00044-experts-0000-0127.complete.json.metadata
0	/models/Qwen3.8-Flash-Next-NVFP4-RadixArk/.cache/huggingface/download/layer-00044-experts-0000-0127.safetensors.lock
125	/models/Qwen3.8-Flash-Next-NVFP4-RadixArk/.cache/huggingface/download/layer-00044-experts-0000-0127.safetensors.metadata
0	/models/Qwen3.8-Flash-Next-NVFP4-RadixArk/.cache/huggingface/download/layer-00044-experts-0128-0255.complete.json.lock
101	/models/Qwen3.8-Flash-Next-NVFP4-RadixArk/.cache/huggingface/download/layer-00044-experts-0128-0255.complete.json.metadata
0	/models/Qwen3.8-Flash-Next-NVFP4-RadixArk/.cache/huggingface/download/layer-00044-experts-0128-0255.safetensors.lock
125	/models/Qwen3.8-Flash-Next-NVFP4-RadixArk/.cache/huggingface/download/layer-00044-experts-0128-0255.safetensors.metadata
0	/models/Qwen3.8-Flash-Next-NVFP4-RadixArk/.cache/huggingface/download/layer-00044-experts-0256-0383.complete.json.lock
100	/models/Qwen3.8-Flash-Next-NVFP4-RadixArk/.cache/huggingface/download/layer-00044-experts-0256-0383.complete.json.metadata
0	/models/Qwen3.8-Flash-Next-NVFP4-RadixArk/.cache/huggingface/download/layer-00044-experts-0256-0383.safetensors.lock
125	/models/Qwen3.8-Flash-Next-NVFP4-RadixArk/.cache/huggingface/download/layer-00044-experts-0256-0383.safetensors.metadata
0	/models/Qwen3.8-Flash-Next-NVFP4-RadixArk/.cache/huggingface/download/layer-00044-experts-0384-0511.complete.json.lock
101	/models/Qwen3.8-Flash-Next-NVFP4-RadixArk/.cache/huggingface/download/layer-00044-experts-0384-0511.complete.json.metadata
0	/models/Qwen3.8-Flash-Next-NVFP4-RadixArk/.cache/huggingface/download/layer-00044-experts-0384-0511.safetensors.lock
125	/models/Qwen3.8-Flash-Next-NVFP4-RadixArk/.cache/huggingface/download/layer-00044-experts-0384-0511.safetensors.metadata
0	/models/Qwen3.8-Flash-Next-NVFP4-RadixArk/.cache/huggingface/download/layer-00045-experts-0000-0127.complete.json.lock
101	/models/Qwen3.8-Flash-Next-NVFP4-RadixArk/.cache/huggingface/download/layer-00045-experts-0000-0127.complete.json.metadata
0	/models/Qwen3.8-Flash-Next-NVFP4-RadixArk/.cache/huggingface/download/layer-00045-experts-0000-0127.safetensors.lock
124	/models/Qwen3.8-Flash-Next-NVFP4-RadixArk/.cache/huggingface/download/layer-00045-experts-0000-0127.safetensors.metadata
0	/models/Qwen3.8-Flash-Next-NVFP4-RadixArk/.cache/huggingface/download/layer-00045-experts-0128-0255.complete.json.lock
101	/models/Qwen3.8-Flash-Next-NVFP4-RadixArk/.cache/huggingface/download/layer-00045-experts-0128-0255.complete.json.metadata
0	/models/Qwen3.8-Flash-Next-NVFP4-RadixArk/.cache/huggingface/download/layer-00045-experts-0128-0255.safetensors.lock
125	/models/Qwen3.8-Flash-Next-NVFP4-RadixArk/.cache/huggingface/download/layer-00045-experts-0128-0255.safetensors.metadata
0	/models/Qwen3.8-Flash-Next-NVFP4-RadixArk/.cache/huggingface/download/layer-00045-experts-0256-0383.complete.json.lock
100	/models/Qwen3.8-Flash-Next-NVFP4-RadixArk/.cache/huggingface/download/layer-00045-experts-0256-0383.complete.json.metadata
0	/models/Qwen3.8-Flash-Next-NVFP4-RadixArk/.cache/huggingface/download/layer-00045-experts-0256-0383.safetensors.lock
124	/models/Qwen3.8-Flash-Next-NVFP4-RadixArk/.cache/huggingface/download/layer-00045-experts-0256-0383.safetensors.metadata
0	/models/Qwen3.8-Flash-Next-NVFP4-RadixArk/.cache/huggingface/download/layer-00045-experts-0384-0511.complete.json.lock
101	/models/Qwen3.8-Flash-Next-NVFP4-RadixArk/.cache/huggingface/download/layer-00045-experts-0384-0511.complete.json.metadata
0	/models/Qwen3.8-Flash-Next-NVFP4-RadixArk/.cache/huggingface/download/layer-00045-experts-0384-0511.safetensors.lock
124	/models/Qwen3.8-Flash-Next-NVFP4-RadixArk/.cache/huggingface/download/layer-00045-experts-0384-0511.safetensors.metadata
0	/models/Qwen3.8-Flash-Next-NVFP4-RadixArk/.cache/huggingface/download/layer-00046-experts-0000-0127.complete.json.lock
101	/models/Qwen3.8-Flash-Next-NVFP4-RadixArk/.cache/huggingface/download/layer-00046-experts-0000-0127.complete.json.metadata
0	/models/Qwen3.8-Flash-Next-NVFP4-RadixArk/.cache/huggingface/download/layer-00046-experts-0000-0127.safetensors.lock
125	/models/Qwen3.8-Flash-Next-NVFP4-RadixArk/.cache/huggingface/download/layer-00046-experts-0000-0127.safetensors.metadata
0	/models/Qwen3.8-Flash-Next-NVFP4-RadixArk/.cache/huggingface/download/layer-00046-experts-0128-0255.complete.json.lock
101	/models/Qwen3.8-Flash-Next-NVFP4-RadixArk/.cache/huggingface/download/layer-00046-experts-0128-0255.complete.json.metadata
0	/models/Qwen3.8-Flash-Next-NVFP4-RadixArk/.cache/huggingface/download/layer-00046-experts-0128-0255.safetensors.lock
124	/models/Qwen3.8-Flash-Next-NVFP4-RadixArk/.cache/huggingface/download/layer-00046-experts-0128-0255.safetensors.metadata
0	/models/Qwen3.8-Flash-Next-NVFP4-RadixArk/.cache/huggingface/download/layer-00046-experts-0256-0383.complete.json.lock
101	/models/Qwen3.8-Flash-Next-NVFP4-RadixArk/.cache/huggingface/download/layer-00046-experts-0256-0383.complete.json.metadata
0	/models/Qwen3.8-Flash-Next-NVFP4-RadixArk/.cache/huggingface/download/layer-00046-experts-0256-0383.safetensors.lock
125	/models/Qwen3.8-Flash-Next-NVFP4-RadixArk/.cache/huggingface/download/layer-00046-experts-0256-0383.safetensors.metadata
0	/models/Qwen3.8-Flash-Next-NVFP4-RadixArk/.cache/huggingface/download/layer-00046-experts-0384-0511.complete.json.lock
100	/models/Qwen3.8-Flash-Next-NVFP4-RadixArk/.cache/huggingface/download/layer-00046-experts-0384-0511.complete.json.metadata
0	/models/Qwen3.8-Flash-Next-NVFP4-RadixArk/.cache/huggingface/download/layer-00046-experts-0384-0511.safetensors.lock
125	/models/Qwen3.8-Flash-Next-NVFP4-RadixArk/.cache/huggingface/download/layer-00046-experts-0384-0511.safetensors.metadata
0	/models/Qwen3.8-Flash-Next-NVFP4-RadixArk/.cache/huggingface/download/layer-00047-experts-0000-0127.complete.json.lock
101	/models/Qwen3.8-Flash-Next-NVFP4-RadixArk/.cache/huggingface/download/layer-00047-experts-0000-0127.complete.json.metadata
0	/models/Qwen3.8-Flash-Next-NVFP4-RadixArk/.cache/huggingface/download/layer-00047-experts-0000-0127.safetensors.lock
125	/models/Qwen3.8-Flash-Next-NVFP4-RadixArk/.cache/huggingface/download/layer-00047-experts-0000-0127.safetensors.metadata
0	/models/Qwen3.8-Flash-Next-NVFP4-RadixArk/.cache/huggingface/download/layer-00047-experts-0128-0255.complete.json.lock
101	/models/Qwen3.8-Flash-Next-NVFP4-RadixArk/.cache/huggingface/download/layer-00047-experts-0128-0255.complete.json.metadata
0	/models/Qwen3.8-Flash-Next-NVFP4-RadixArk/.cache/huggingface/download/layer-00047-experts-0128-0255.safetensors.lock
125	/models/Qwen3.8-Flash-Next-NVFP4-RadixArk/.cache/huggingface/download/layer-00047-experts-0128-0255.safetensors.metadata
0	/models/Qwen3.8-Flash-Next-NVFP4-RadixArk/.cache/huggingface/download/layer-00047-experts-0256-0383.complete.json.lock
100	/models/Qwen3.8-Flash-Next-NVFP4-RadixArk/.cache/huggingface/download/layer-00047-experts-0256-0383.complete.json.metadata
0	/models/Qwen3.8-Flash-Next-NVFP4-RadixArk/.cache/huggingface/download/layer-00047-experts-0256-0383.safetensors.lock
123	/models/Qwen3.8-Flash-Next-NVFP4-RadixArk/.cache/huggingface/download/layer-00047-experts-0256-0383.safetensors.metadata
0	/models/Qwen3.8-Flash-Next-NVFP4-RadixArk/.cache/huggingface/download/layer-00047-experts-0384-0511.complete.json.lock
101	/models/Qwen3.8-Flash-Next-NVFP4-RadixArk/.cache/huggingface/download/layer-00047-experts-0384-0511.complete.json.metadata
0	/models/Qwen3.8-Flash-Next-NVFP4-RadixArk/.cache/huggingface/download/layer-00047-experts-0384-0511.safetensors.lock
125	/models/Qwen3.8-Flash-Next-NVFP4-RadixArk/.cache/huggingface/download/layer-00047-experts-0384-0511.safetensors.metadata
0	/models/Qwen3.8-Flash-Next-NVFP4-RadixArk/.cache/huggingface/download/merges.txt.lock
101	/models/Qwen3.8-Flash-Next-NVFP4-RadixArk/.cache/huggingface/download/merges.txt.metadata
0	/models/Qwen3.8-Flash-Next-NVFP4-RadixArk/.cache/huggingface/download/model-bf16-00001.safetensors.lock
124	/models/Qwen3.8-Flash-Next-NVFP4-RadixArk/.cache/huggingface/download/model-bf16-00001.safetensors.metadata
0	/models/Qwen3.8-Flash-Next-NVFP4-RadixArk/.cache/huggingface/download/model-bf16-00010.safetensors.lock
125	/models/Qwen3.8-Flash-Next-NVFP4-RadixArk/.cache/huggingface/download/model-bf16-00010.safetensors.metadata
0	/models/Qwen3.8-Flash-Next-NVFP4-RadixArk/.cache/huggingface/download/model-bf16-00011.safetensors.lock
125	/models/Qwen3.8-Flash-Next-NVFP4-RadixArk/.cache/huggingface/download/model-bf16-00011.safetensors.metadata
0	/models/Qwen3.8-Flash-Next-NVFP4-RadixArk/.cache/huggingface/download/model-bf16-00012.safetensors.lock
125	/models/Qwen3.8-Flash-Next-NVFP4-RadixArk/.cache/huggingface/download/model-bf16-00012.safetensors.metadata
0	/models/Qwen3.8-Flash-Next-NVFP4-RadixArk/.cache/huggingface/download/model-plefp8-00000.safetensors.lock
125	/models/Qwen3.8-Flash-Next-NVFP4-RadixArk/.cache/huggingface/download/model-plefp8-00000.safetensors.metadata
0	/models/Qwen3.8-Flash-Next-NVFP4-RadixArk/.cache/huggingface/download/model-plefp8-00001.safetensors.lock
125	/models/Qwen3.8-Flash-Next-NVFP4-RadixArk/.cache/huggingface/download/model-plefp8-00001.safetensors.metadata
0	/models/Qwen3.8-Flash-Next-NVFP4-RadixArk/.cache/huggingface/download/model-plefp8-00002.safetensors.lock
125	/models/Qwen3.8-Flash-Next-NVFP4-RadixArk/.cache/huggingface/download/model-plefp8-00002.safetensors.metadata
0	/models/Qwen3.8-Flash-Next-NVFP4-RadixArk/.cache/huggingface/download/model-plefp8-00003.safetensors.lock
125	/models/Qwen3.8-Flash-Next-NVFP4-RadixArk/.cache/huggingface/download/model-plefp8-00003.safetensors.metadata
0	/models/Qwen3.8-Flash-Next-NVFP4-RadixArk/.cache/huggingface/download/model-plefp8-00004.safetensors.lock
125	/models/Qwen3.8-Flash-Next-NVFP4-RadixArk/.cache/huggingface/download/model-plefp8-00004.safetensors.metadata
0	/models/Qwen3.8-Flash-Next-NVFP4-RadixArk/.cache/huggingface/download/model-plefp8-00005.safetensors.lock
125	/models/Qwen3.8-Flash-Next-NVFP4-RadixArk/.cache/huggingface/download/model-plefp8-00005.safetensors.metadata
0	/models/Qwen3.8-Flash-Next-NVFP4-RadixArk/.cache/huggingface/download/model-plefp8-00006.safetensors.lock
125	/models/Qwen3.8-Flash-Next-NVFP4-RadixArk/.cache/huggingface/download/model-plefp8-00006.safetensors.metadata
0	/models/Qwen3.8-Flash-Next-NVFP4-RadixArk/.cache/huggingface/download/model-plefp8-00007.safetensors.lock
125	/models/Qwen3.8-Flash-Next-NVFP4-RadixArk/.cache/huggingface/download/model-plefp8-00007.safetensors.metadata
0	/models/Qwen3.8-Flash-Next-NVFP4-RadixArk/.cache/huggingface/download/model-plefp8-00008.safetensors.lock
125	/models/Qwen3.8-Flash-Next-NVFP4-RadixArk/.cache/huggingface/download/model-plefp8-00008.safetensors.metadata
0	/models/Qwen3.8-Flash-Next-NVFP4-RadixArk/.cache/huggingface/download/model-plefp8-00009.safetensors.lock
123	/models/Qwen3.8-Flash-Next-NVFP4-RadixArk/.cache/huggingface/download/model-plefp8-00009.safetensors.metadata
0	/models/Qwen3.8-Flash-Next-NVFP4-RadixArk/.cache/huggingface/download/model.safetensors.index.json.lock
124	/models/Qwen3.8-Flash-Next-NVFP4-RadixArk/.cache/huggingface/download/model.safetensors.index.json.metadata
0	/models/Qwen3.8-Flash-Next-NVFP4-RadixArk/.cache/huggingface/download/preprocessor_config.json.lock
100	/models/Qwen3.8-Flash-Next-NVFP4-RadixArk/.cache/huggingface/download/preprocessor_config.json.metadata
0	/models/Qwen3.8-Flash-Next-NVFP4-RadixArk/.cache/huggingface/download/qualification-notes.md.lock
99	/models/Qwen3.8-Flash-Next-NVFP4-RadixArk/.cache/huggingface/download/qualification-notes.md.metadata
0	/models/Qwen3.8-Flash-Next-NVFP4-RadixArk/.cache/huggingface/download/smoke_report.json.lock
101	/models/Qwen3.8-Flash-Next-NVFP4-RadixArk/.cache/huggingface/download/smoke_report.json.metadata
0	/models/Qwen3.8-Flash-Next-NVFP4-RadixArk/.cache/huggingface/download/tokenizer.json.lock
125	/models/Qwen3.8-Flash-Next-NVFP4-RadixArk/.cache/huggingface/download/tokenizer.json.metadata
0	/models/Qwen3.8-Flash-Next-NVFP4-RadixArk/.cache/huggingface/download/tokenizer_config.json.lock
101	/models/Qwen3.8-Flash-Next-NVFP4-RadixArk/.cache/huggingface/download/tokenizer_config.json.metadata
0	/models/Qwen3.8-Flash-Next-NVFP4-RadixArk/.cache/huggingface/download/validate_checkpoint_report.json.lock
101	/models/Qwen3.8-Flash-Next-NVFP4-RadixArk/.cache/huggingface/download/validate_checkpoint_report.json.metadata
0	/models/Qwen3.8-Flash-Next-NVFP4-RadixArk/.cache/huggingface/download/validate_scales_report.json.lock
100	/models/Qwen3.8-Flash-Next-NVFP4-RadixArk/.cache/huggingface/download/validate_scales_report.json.metadata
0	/models/Qwen3.8-Flash-Next-NVFP4-RadixArk/.cache/huggingface/download/video_preprocessor_config.json.lock
101	/models/Qwen3.8-Flash-Next-NVFP4-RadixArk/.cache/huggingface/download/video_preprocessor_config.json.metadata
0	/models/Qwen3.8-Flash-Next-NVFP4-RadixArk/.cache/huggingface/download/vocab.json.lock
101	/models/Qwen3.8-Flash-Next-NVFP4-RadixArk/.cache/huggingface/download/vocab.json.metadata
94865	/models/Qwen3.8-Flash-Next-NVFP4-RadixArk/.cache/huggingface/trees/7b719225242aacd3dbd3f9407468c2ee9a9d2594.json
1635	/models/Qwen3.8-Flash-Next-NVFP4-RadixArk/.gitattributes
5927	/models/Qwen3.8-Flash-Next-NVFP4-RadixArk/README.md
1062	/models/Qwen3.8-Flash-Next-NVFP4-RadixArk/aime26_metrics.json
110	/models/Qwen3.8-Flash-Next-NVFP4-RadixArk/audit_unchanged_report.json
8952	/models/Qwen3.8-Flash-Next-NVFP4-RadixArk/chat_template.jinja
4983	/models/Qwen3.8-Flash-Next-NVFP4-RadixArk/config.json
344	/models/Qwen3.8-Flash-Next-NVFP4-RadixArk/conversion_environment.json
202	/models/Qwen3.8-Flash-Next-NVFP4-RadixArk/generation_config.json
869	/models/Qwen3.8-Flash-Next-NVFP4-RadixArk/gsm8k_metrics.json
504	/models/Qwen3.8-Flash-Next-NVFP4-RadixArk/hf_quant_config.json
5870	/models/Qwen3.8-Flash-Next-NVFP4-RadixArk/layer-00000-experts-0000-0127.complete.json
354098208	/models/Qwen3.8-Flash-Next-NVFP4-RadixArk/layer-00000-experts-0000-0127.safetensors
5872	/models/Qwen3.8-Flash-Next-NVFP4-RadixArk/layer-00000-experts-0128-0255.complete.json
354099528	/models/Qwen3.8-Flash-Next-NVFP4-RadixArk/layer-00000-experts-0128-0255.safetensors
5872	/models/Qwen3.8-Flash-Next-NVFP4-RadixArk/layer-00000-experts-0256-0383.complete.json
354099528	/models/Qwen3.8-Flash-Next-NVFP4-RadixArk/layer-00000-experts-0256-0383.safetensors
5872	/models/Qwen3.8-Flash-Next-NVFP4-RadixArk/layer-00000-experts-0384-0511.complete.json
354099528	/models/Qwen3.8-Flash-Next-NVFP4-RadixArk/layer-00000-experts-0384-0511.safetensors
5870	/models/Qwen3.8-Flash-Next-NVFP4-RadixArk/layer-00001-experts-0000-0127.complete.json
354098208	/models/Qwen3.8-Flash-Next-NVFP4-RadixArk/layer-00001-experts-0000-0127.safetensors
5872	/models/Qwen3.8-Flash-Next-NVFP4-RadixArk/layer-00001-experts-0128-0255.complete.json
354099528	/models/Qwen3.8-Flash-Next-NVFP4-RadixArk/layer-00001-experts-0128-0255.safetensors
5872	/models/Qwen3.8-Flash-Next-NVFP4-RadixArk/layer-00001-experts-0256-0383.complete.json
354099528	/models/Qwen3.8-Flash-Next-NVFP4-RadixArk/layer-00001-experts-0256-0383.safetensors
5872	/models/Qwen3.8-Flash-Next-NVFP4-RadixArk/layer-00001-experts-0384-0511.complete.json
354099528	/models/Qwen3.8-Flash-Next-NVFP4-RadixArk/layer-00001-experts-0384-0511.safetensors
5870	/models/Qwen3.8-Flash-Next-NVFP4-RadixArk/layer-00002-experts-0000-0127.complete.json
354098208	/models/Qwen3.8-Flash-Next-NVFP4-RadixArk/layer-00002-experts-0000-0127.safetensors
5872	/models/Qwen3.8-Flash-Next-NVFP4-RadixArk/layer-00002-experts-0128-0255.complete.json
354099528	/models/Qwen3.8-Flash-Next-NVFP4-RadixArk/layer-00002-experts-0128-0255.safetensors
5872	/models/Qwen3.8-Flash-Next-NVFP4-RadixArk/layer-00002-experts-0256-0383.complete.json
354099528	/models/Qwen3.8-Flash-Next-NVFP4-RadixArk/layer-00002-experts-0256-0383.safetensors
5872	/models/Qwen3.8-Flash-Next-NVFP4-RadixArk/layer-00002-experts-0384-0511.complete.json
354099528	/models/Qwen3.8-Flash-Next-NVFP4-RadixArk/layer-00002-experts-0384-0511.safetensors
5870	/models/Qwen3.8-Flash-Next-NVFP4-RadixArk/layer-00003-experts-0000-0127.complete.json
354098208	/models/Qwen3.8-Flash-Next-NVFP4-RadixArk/layer-00003-experts-0000-0127.safetensors
5872	/models/Qwen3.8-Flash-Next-NVFP4-RadixArk/layer-00003-experts-0128-0255.complete.json
354099528	/models/Qwen3.8-Flash-Next-NVFP4-RadixArk/layer-00003-experts-0128-0255.safetensors
5872	/models/Qwen3.8-Flash-Next-NVFP4-RadixArk/layer-00003-experts-0256-0383.complete.json
354099528	/models/Qwen3.8-Flash-Next-NVFP4-RadixArk/layer-00003-experts-0256-0383.safetensors
5872	/models/Qwen3.8-Flash-Next-NVFP4-RadixArk/layer-00003-experts-0384-0511.complete.json
354099528	/models/Qwen3.8-Flash-Next-NVFP4-RadixArk/layer-00003-experts-0384-0511.safetensors
5870	/models/Qwen3.8-Flash-Next-NVFP4-RadixArk/layer-00004-experts-0000-0127.complete.json
354098208	/models/Qwen3.8-Flash-Next-NVFP4-RadixArk/layer-00004-experts-0000-0127.safetensors
5872	/models/Qwen3.8-Flash-Next-NVFP4-RadixArk/layer-00004-experts-0128-0255.complete.json
354099528	/models/Qwen3.8-Flash-Next-NVFP4-RadixArk/layer-00004-experts-0128-0255.safetensors
5872	/models/Qwen3.8-Flash-Next-NVFP4-RadixArk/layer-00004-experts-0256-0383.complete.json
354099528	/models/Qwen3.8-Flash-Next-NVFP4-RadixArk/layer-00004-experts-0256-0383.safetensors
5872	/models/Qwen3.8-Flash-Next-NVFP4-RadixArk/layer-00004-experts-0384-0511.complete.json
354099528	/models/Qwen3.8-Flash-Next-NVFP4-RadixArk/layer-00004-experts-0384-0511.safetensors
5870	/models/Qwen3.8-Flash-Next-NVFP4-RadixArk/layer-00005-experts-0000-0127.complete.json
354098208	/models/Qwen3.8-Flash-Next-NVFP4-RadixArk/layer-00005-experts-0000-0127.safetensors
5872	/models/Qwen3.8-Flash-Next-NVFP4-RadixArk/layer-00005-experts-0128-0255.complete.json
354099528	/models/Qwen3.8-Flash-Next-NVFP4-RadixArk/layer-00005-experts-0128-0255.safetensors
5872	/models/Qwen3.8-Flash-Next-NVFP4-RadixArk/layer-00005-experts-0256-0383.complete.json
354099528	/models/Qwen3.8-Flash-Next-NVFP4-RadixArk/layer-00005-experts-0256-0383.safetensors
5872	/models/Qwen3.8-Flash-Next-NVFP4-RadixArk/layer-00005-experts-0384-0511.complete.json
354099528	/models/Qwen3.8-Flash-Next-NVFP4-RadixArk/layer-00005-experts-0384-0511.safetensors
5870	/models/Qwen3.8-Flash-Next-NVFP4-RadixArk/layer-00006-experts-0000-0127.complete.json
354098208	/models/Qwen3.8-Flash-Next-NVFP4-RadixArk/layer-00006-experts-0000-0127.safetensors
5872	/models/Qwen3.8-Flash-Next-NVFP4-RadixArk/layer-00006-experts-0128-0255.complete.json
354099528	/models/Qwen3.8-Flash-Next-NVFP4-RadixArk/layer-00006-experts-0128-0255.safetensors
5872	/models/Qwen3.8-Flash-Next-NVFP4-RadixArk/layer-00006-experts-0256-0383.complete.json
354099528	/models/Qwen3.8-Flash-Next-NVFP4-RadixArk/layer-00006-experts-0256-0383.safetensors
5872	/models/Qwen3.8-Flash-Next-NVFP4-RadixArk/layer-00006-experts-0384-0511.complete.json
354099528	/models/Qwen3.8-Flash-Next-NVFP4-RadixArk/layer-00006-experts-0384-0511.safetensors
5870	/models/Qwen3.8-Flash-Next-NVFP4-RadixArk/layer-00007-experts-0000-0127.complete.json
354098208	/models/Qwen3.8-Flash-Next-NVFP4-RadixArk/layer-00007-experts-0000-0127.safetensors
5872	/models/Qwen3.8-Flash-Next-NVFP4-RadixArk/layer-00007-experts-0128-0255.complete.json
354099528	/models/Qwen3.8-Flash-Next-NVFP4-RadixArk/layer-00007-experts-0128-0255.safetensors
5872	/models/Qwen3.8-Flash-Next-NVFP4-RadixArk/layer-00007-experts-0256-0383.complete.json
354099528	/models/Qwen3.8-Flash-Next-NVFP4-RadixArk/layer-00007-experts-0256-0383.safetensors
5872	/models/Qwen3.8-Flash-Next-NVFP4-RadixArk/layer-00007-experts-0384-0511.complete.json
354099528	/models/Qwen3.8-Flash-Next-NVFP4-RadixArk/layer-00007-experts-0384-0511.safetensors
5870	/models/Qwen3.8-Flash-Next-NVFP4-RadixArk/layer-00008-experts-0000-0127.complete.json
354098208	/models/Qwen3.8-Flash-Next-NVFP4-RadixArk/layer-00008-experts-0000-0127.safetensors
5872	/models/Qwen3.8-Flash-Next-NVFP4-RadixArk/layer-00008-experts-0128-0255.complete.json
354099528	/models/Qwen3.8-Flash-Next-NVFP4-RadixArk/layer-00008-experts-0128-0255.safetensors
5872	/models/Qwen3.8-Flash-Next-NVFP4-RadixArk/layer-00008-experts-0256-0383.complete.json
354099528	/models/Qwen3.8-Flash-Next-NVFP4-RadixArk/layer-00008-experts-0256-0383.safetensors
5872	/models/Qwen3.8-Flash-Next-NVFP4-RadixArk/layer-00008-experts-0384-0511.complete.json
354099528	/models/Qwen3.8-Flash-Next-NVFP4-RadixArk/layer-00008-experts-0384-0511.safetensors
5870	/models/Qwen3.8-Flash-Next-NVFP4-RadixArk/layer-00009-experts-0000-0127.complete.json
354098208	/models/Qwen3.8-Flash-Next-NVFP4-RadixArk/layer-00009-experts-0000-0127.safetensors
5872	/models/Qwen3.8-Flash-Next-NVFP4-RadixArk/layer-00009-experts-0128-0255.complete.json
354099528	/models/Qwen3.8-Flash-Next-NVFP4-RadixArk/layer-00009-experts-0128-0255.safetensors
5872	/models/Qwen3.8-Flash-Next-NVFP4-RadixArk/layer-00009-experts-0256-0383.complete.json
354099528	/models/Qwen3.8-Flash-Next-NVFP4-RadixArk/layer-00009-experts-0256-0383.safetensors
5872	/models/Qwen3.8-Flash-Next-NVFP4-RadixArk/layer-00009-experts-0384-0511.complete.json
354099528	/models/Qwen3.8-Flash-Next-NVFP4-RadixArk/layer-00009-experts-0384-0511.safetensors
5871	/models/Qwen3.8-Flash-Next-NVFP4-RadixArk/layer-00010-experts-0000-0127.complete.json
354099744	/models/Qwen3.8-Flash-Next-NVFP4-RadixArk/layer-00010-experts-0000-0127.safetensors
5873	/models/Qwen3.8-Flash-Next-NVFP4-RadixArk/layer-00010-experts-0128-0255.complete.json
354101064	/models/Qwen3.8-Flash-Next-NVFP4-RadixArk/layer-00010-experts-0128-0255.safetensors
5873	/models/Qwen3.8-Flash-Next-NVFP4-RadixArk/layer-00010-experts-0256-0383.complete.json
354101064	/models/Qwen3.8-Flash-Next-NVFP4-RadixArk/layer-00010-experts-0256-0383.safetensors
5873	/models/Qwen3.8-Flash-Next-NVFP4-RadixArk/layer-00010-experts-0384-0511.complete.json
354101064	/models/Qwen3.8-Flash-Next-NVFP4-RadixArk/layer-00010-experts-0384-0511.safetensors
5871	/models/Qwen3.8-Flash-Next-NVFP4-RadixArk/layer-00011-experts-0000-0127.complete.json
354099744	/models/Qwen3.8-Flash-Next-NVFP4-RadixArk/layer-00011-experts-0000-0127.safetensors
5873	/models/Qwen3.8-Flash-Next-NVFP4-RadixArk/layer-00011-experts-0128-0255.complete.json
354101064	/models/Qwen3.8-Flash-Next-NVFP4-RadixArk/layer-00011-experts-0128-0255.safetensors
5873	/models/Qwen3.8-Flash-Next-NVFP4-RadixArk/layer-00011-experts-0256-0383.complete.json
354101064	/models/Qwen3.8-Flash-Next-NVFP4-RadixArk/layer-00011-experts-0256-0383.safetensors
5873	/models/Qwen3.8-Flash-Next-NVFP4-RadixArk/layer-00011-experts-0384-0511.complete.json
354101064	/models/Qwen3.8-Flash-Next-NVFP4-RadixArk/layer-00011-experts-0384-0511.safetensors
5871	/models/Qwen3.8-Flash-Next-NVFP4-RadixArk/layer-00012-experts-0000-0127.complete.json
354099744	/models/Qwen3.8-Flash-Next-NVFP4-RadixArk/layer-00012-experts-0000-0127.safetensors
5873	/models/Qwen3.8-Flash-Next-NVFP4-RadixArk/layer-00012-experts-0128-0255.complete.json
354101064	/models/Qwen3.8-Flash-Next-NVFP4-RadixArk/layer-00012-experts-0128-0255.safetensors
5873	/models/Qwen3.8-Flash-Next-NVFP4-RadixArk/layer-00012-experts-0256-0383.complete.json
354101064	/models/Qwen3.8-Flash-Next-NVFP4-RadixArk/layer-00012-experts-0256-0383.safetensors
5873	/models/Qwen3.8-Flash-Next-NVFP4-RadixArk/layer-00012-experts-0384-0511.complete.json
354101064	/models/Qwen3.8-Flash-Next-NVFP4-RadixArk/layer-00012-experts-0384-0511.safetensors
5871	/models/Qwen3.8-Flash-Next-NVFP4-RadixArk/layer-00013-experts-0000-0127.complete.json
354099744	/models/Qwen3.8-Flash-Next-NVFP4-RadixArk/layer-00013-experts-0000-0127.safetensors
5873	/models/Qwen3.8-Flash-Next-NVFP4-RadixArk/layer-00013-experts-0128-0255.complete.json
354101064	/models/Qwen3.8-Flash-Next-NVFP4-RadixArk/layer-00013-experts-0128-0255.safetensors
5873	/models/Qwen3.8-Flash-Next-NVFP4-RadixArk/layer-00013-experts-0256-0383.complete.json
354101064	/models/Qwen3.8-Flash-Next-NVFP4-RadixArk/layer-00013-experts-0256-0383.safetensors
5873	/models/Qwen3.8-Flash-Next-NVFP4-RadixArk/layer-00013-experts-0384-0511.complete.json
354101064	/models/Qwen3.8-Flash-Next-NVFP4-RadixArk/layer-00013-experts-0384-0511.safetensors
5871	/models/Qwen3.8-Flash-Next-NVFP4-RadixArk/layer-00014-experts-0000-0127.complete.json
354099744	/models/Qwen3.8-Flash-Next-NVFP4-RadixArk/layer-00014-experts-0000-0127.safetensors
5873	/models/Qwen3.8-Flash-Next-NVFP4-RadixArk/layer-00014-experts-0128-0255.complete.json
354101064	/models/Qwen3.8-Flash-Next-NVFP4-RadixArk/layer-00014-experts-0128-0255.safetensors
5873	/models/Qwen3.8-Flash-Next-NVFP4-RadixArk/layer-00014-experts-0256-0383.complete.json
354101064	/models/Qwen3.8-Flash-Next-NVFP4-RadixArk/layer-00014-experts-0256-0383.safetensors
5873	/models/Qwen3.8-Flash-Next-NVFP4-RadixArk/layer-00014-experts-0384-0511.complete.json
354101064	/models/Qwen3.8-Flash-Next-NVFP4-RadixArk/layer-00014-experts-0384-0511.safetensors
5871	/models/Qwen3.8-Flash-Next-NVFP4-RadixArk/layer-00015-experts-0000-0127.complete.json
354099744	/models/Qwen3.8-Flash-Next-NVFP4-RadixArk/layer-00015-experts-0000-0127.safetensors
5873	/models/Qwen3.8-Flash-Next-NVFP4-RadixArk/layer-00015-experts-0128-0255.complete.json
354101064	/models/Qwen3.8-Flash-Next-NVFP4-RadixArk/layer-00015-experts-0128-0255.safetensors
5873	/models/Qwen3.8-Flash-Next-NVFP4-RadixArk/layer-00015-experts-0256-0383.complete.json
354101064	/models/Qwen3.8-Flash-Next-NVFP4-RadixArk/layer-00015-experts-0256-0383.safetensors
5873	/models/Qwen3.8-Flash-Next-NVFP4-RadixArk/layer-00015-experts-0384-0511.complete.json
354101064	/models/Qwen3.8-Flash-Next-NVFP4-RadixArk/layer-00015-experts-0384-0511.safetensors
5871	/models/Qwen3.8-Flash-Next-NVFP4-RadixArk/layer-00016-experts-0000-0127.complete.json
354099744	/models/Qwen3.8-Flash-Next-NVFP4-RadixArk/layer-00016-experts-0000-0127.safetensors
5873	/models/Qwen3.8-Flash-Next-NVFP4-RadixArk/layer-00016-experts-0128-0255.complete.json
354101064	/models/Qwen3.8-Flash-Next-NVFP4-RadixArk/layer-00016-experts-0128-0255.safetensors
5873	/models/Qwen3.8-Flash-Next-NVFP4-RadixArk/layer-00016-experts-0256-0383.complete.json
354101064	/models/Qwen3.8-Flash-Next-NVFP4-RadixArk/layer-00016-experts-0256-0383.safetensors
5873	/models/Qwen3.8-Flash-Next-NVFP4-RadixArk/layer-00016-experts-0384-0511.complete.json
354101064	/models/Qwen3.8-Flash-Next-NVFP4-RadixArk/layer-00016-experts-0384-0511.safetensors
5871	/models/Qwen3.8-Flash-Next-NVFP4-RadixArk/layer-00017-experts-0000-0127.complete.json
354099744	/models/Qwen3.8-Flash-Next-NVFP4-RadixArk/layer-00017-experts-0000-0127.safetensors
5873	/models/Qwen3.8-Flash-Next-NVFP4-RadixArk/layer-00017-experts-0128-0255.complete.json
354101064	/models/Qwen3.8-Flash-Next-NVFP4-RadixArk/layer-00017-experts-0128-0255.safetensors
5873	/models/Qwen3.8-Flash-Next-NVFP4-RadixArk/layer-00017-experts-0256-0383.complete.json
354101064	/models/Qwen3.8-Flash-Next-NVFP4-RadixArk/layer-00017-experts-0256-0383.safetensors
5873	/models/Qwen3.8-Flash-Next-NVFP4-RadixArk/layer-00017-experts-0384-0511.complete.json
354101064	/models/Qwen3.8-Flash-Next-NVFP4-RadixArk/layer-00017-experts-0384-0511.safetensors
5871	/models/Qwen3.8-Flash-Next-NVFP4-RadixArk/layer-00018-experts-0000-0127.complete.json
354099744	/models/Qwen3.8-Flash-Next-NVFP4-RadixArk/layer-00018-experts-0000-0127.safetensors
5873	/models/Qwen3.8-Flash-Next-NVFP4-RadixArk/layer-00018-experts-0128-0255.complete.json
354101064	/models/Qwen3.8-Flash-Next-NVFP4-RadixArk/layer-00018-experts-0128-0255.safetensors
5873	/models/Qwen3.8-Flash-Next-NVFP4-RadixArk/layer-00018-experts-0256-0383.complete.json
354101064	/models/Qwen3.8-Flash-Next-NVFP4-RadixArk/layer-00018-experts-0256-0383.safetensors
5873	/models/Qwen3.8-Flash-Next-NVFP4-RadixArk/layer-00018-experts-0384-0511.complete.json
354101064	/models/Qwen3.8-Flash-Next-NVFP4-RadixArk/layer-00018-experts-0384-0511.safetensors
5871	/models/Qwen3.8-Flash-Next-NVFP4-RadixArk/layer-00019-experts-0000-0127.complete.json
354099744	/models/Qwen3.8-Flash-Next-NVFP4-RadixArk/layer-00019-experts-0000-0127.safetensors
5873	/models/Qwen3.8-Flash-Next-NVFP4-RadixArk/layer-00019-experts-0128-0255.complete.json
354101064	/models/Qwen3.8-Flash-Next-NVFP4-RadixArk/layer-00019-experts-0128-0255.safetensors
5873	/models/Qwen3.8-Flash-Next-NVFP4-RadixArk/layer-00019-experts-0256-0383.complete.json
354101064	/models/Qwen3.8-Flash-Next-NVFP4-RadixArk/layer-00019-experts-0256-0383.safetensors
5873	/models/Qwen3.8-Flash-Next-NVFP4-RadixArk/layer-00019-experts-0384-0511.complete.json
354101064	/models/Qwen3.8-Flash-Next-NVFP4-RadixArk/layer-00019-experts-0384-0511.safetensors
5871	/models/Qwen3.8-Flash-Next-NVFP4-RadixArk/layer-00020-experts-0000-0127.complete.json
354099744	/models/Qwen3.8-Flash-Next-NVFP4-RadixArk/layer-00020-experts-0000-0127.safetensors
5873	/models/Qwen3.8-Flash-Next-NVFP4-RadixArk/layer-00020-experts-0128-0255.complete.json
354101064	/models/Qwen3.8-Flash-Next-NVFP4-RadixArk/layer-00020-experts-0128-0255.safetensors
5873	/models/Qwen3.8-Flash-Next-NVFP4-RadixArk/layer-00020-experts-0256-0383.complete.json
354101064	/models/Qwen3.8-Flash-Next-NVFP4-RadixArk/layer-00020-experts-0256-0383.safetensors
5873	/models/Qwen3.8-Flash-Next-NVFP4-RadixArk/layer-00020-experts-0384-0511.complete.json
354101064	/models/Qwen3.8-Flash-Next-NVFP4-RadixArk/layer-00020-experts-0384-0511.safetensors
5871	/models/Qwen3.8-Flash-Next-NVFP4-RadixArk/layer-00021-experts-0000-0127.complete.json
354099744	/models/Qwen3.8-Flash-Next-NVFP4-RadixArk/layer-00021-experts-0000-0127.safetensors
5873	/models/Qwen3.8-Flash-Next-NVFP4-RadixArk/layer-00021-experts-0128-0255.complete.json
354101064	/models/Qwen3.8-Flash-Next-NVFP4-RadixArk/layer-00021-experts-0128-0255.safetensors
5873	/models/Qwen3.8-Flash-Next-NVFP4-RadixArk/layer-00021-experts-0256-0383.complete.json
354101064	/models/Qwen3.8-Flash-Next-NVFP4-RadixArk/layer-00021-experts-0256-0383.safetensors
5873	/models/Qwen3.8-Flash-Next-NVFP4-RadixArk/layer-00021-experts-0384-0511.complete.json
354101064	/models/Qwen3.8-Flash-Next-NVFP4-RadixArk/layer-00021-experts-0384-0511.safetensors
5871	/models/Qwen3.8-Flash-Next-NVFP4-RadixArk/layer-00022-experts-0000-0127.complete.json
354099744	/models/Qwen3.8-Flash-Next-NVFP4-RadixArk/layer-00022-experts-0000-0127.safetensors
5873	/models/Qwen3.8-Flash-Next-NVFP4-RadixArk/layer-00022-experts-0128-0255.complete.json
354101064	/models/Qwen3.8-Flash-Next-NVFP4-RadixArk/layer-00022-experts-0128-0255.safetensors
5873	/models/Qwen3.8-Flash-Next-NVFP4-RadixArk/layer-00022-experts-0256-0383.complete.json
354101064	/models/Qwen3.8-Flash-Next-NVFP4-RadixArk/layer-00022-experts-0256-0383.safetensors
5873	/models/Qwen3.8-Flash-Next-NVFP4-RadixArk/layer-00022-experts-0384-0511.complete.json
354101064	/models/Qwen3.8-Flash-Next-NVFP4-RadixArk/layer-00022-experts-0384-0511.safetensors
5871	/models/Qwen3.8-Flash-Next-NVFP4-RadixArk/layer-00023-experts-0000-0127.complete.json
354099744	/models/Qwen3.8-Flash-Next-NVFP4-RadixArk/layer-00023-experts-0000-0127.safetensors
5873	/models/Qwen3.8-Flash-Next-NVFP4-RadixArk/layer-00023-experts-0128-0255.complete.json
354101064	/models/Qwen3.8-Flash-Next-NVFP4-RadixArk/layer-00023-experts-0128-0255.safetensors
5873	/models/Qwen3.8-Flash-Next-NVFP4-RadixArk/layer-00023-experts-0256-0383.complete.json
354101064	/models/Qwen3.8-Flash-Next-NVFP4-RadixArk/layer-00023-experts-0256-0383.safetensors
5873	/models/Qwen3.8-Flash-Next-NVFP4-RadixArk/layer-00023-experts-0384-0511.complete.json
354101064	/models/Qwen3.8-Flash-Next-NVFP4-RadixArk/layer-00023-experts-0384-0511.safetensors
5871	/models/Qwen3.8-Flash-Next-NVFP4-RadixArk/layer-00024-experts-0000-0127.complete.json
354099744	/models/Qwen3.8-Flash-Next-NVFP4-RadixArk/layer-00024-experts-0000-0127.safetensors
5873	/models/Qwen3.8-Flash-Next-NVFP4-RadixArk/layer-00024-experts-0128-0255.complete.json
354101064	/models/Qwen3.8-Flash-Next-NVFP4-RadixArk/layer-00024-experts-0128-0255.safetensors
5873	/models/Qwen3.8-Flash-Next-NVFP4-RadixArk/layer-00024-experts-0256-0383.complete.json
354101064	/models/Qwen3.8-Flash-Next-NVFP4-RadixArk/layer-00024-experts-0256-0383.safetensors
5873	/models/Qwen3.8-Flash-Next-NVFP4-RadixArk/layer-00024-experts-0384-0511.complete.json
354101064	/models/Qwen3.8-Flash-Next-NVFP4-RadixArk/layer-00024-experts-0384-0511.safetensors
5871	/models/Qwen3.8-Flash-Next-NVFP4-RadixArk/layer-00025-experts-0000-0127.complete.json
354099744	/models/Qwen3.8-Flash-Next-NVFP4-RadixArk/layer-00025-experts-0000-0127.safetensors
5873	/models/Qwen3.8-Flash-Next-NVFP4-RadixArk/layer-00025-experts-0128-0255.complete.json
354101064	/models/Qwen3.8-Flash-Next-NVFP4-RadixArk/layer-00025-experts-0128-0255.safetensors
5873	/models/Qwen3.8-Flash-Next-NVFP4-RadixArk/layer-00025-experts-0256-0383.complete.json
354101064	/models/Qwen3.8-Flash-Next-NVFP4-RadixArk/layer-00025-experts-0256-0383.safetensors
5873	/models/Qwen3.8-Flash-Next-NVFP4-RadixArk/layer-00025-experts-0384-0511.complete.json
354101064	/models/Qwen3.8-Flash-Next-NVFP4-RadixArk/layer-00025-experts-0384-0511.safetensors
5871	/models/Qwen3.8-Flash-Next-NVFP4-RadixArk/layer-00026-experts-0000-0127.complete.json
354099744	/models/Qwen3.8-Flash-Next-NVFP4-RadixArk/layer-00026-experts-0000-0127.safetensors
5873	/models/Qwen3.8-Flash-Next-NVFP4-RadixArk/layer-00026-experts-0128-0255.complete.json
354101064	/models/Qwen3.8-Flash-Next-NVFP4-RadixArk/layer-00026-experts-0128-0255.safetensors
5873	/models/Qwen3.8-Flash-Next-NVFP4-RadixArk/layer-00026-experts-0256-0383.complete.json
354101064	/models/Qwen3.8-Flash-Next-NVFP4-RadixArk/layer-00026-experts-0256-0383.safetensors
5873	/models/Qwen3.8-Flash-Next-NVFP4-RadixArk/layer-00026-experts-0384-0511.complete.json
354101064	/models/Qwen3.8-Flash-Next-NVFP4-RadixArk/layer-00026-experts-0384-0511.safetensors
5871	/models/Qwen3.8-Flash-Next-NVFP4-RadixArk/layer-00027-experts-0000-0127.complete.json
354099744	/models/Qwen3.8-Flash-Next-NVFP4-RadixArk/layer-00027-experts-0000-0127.safetensors
5873	/models/Qwen3.8-Flash-Next-NVFP4-RadixArk/layer-00027-experts-0128-0255.complete.json
354101064	/models/Qwen3.8-Flash-Next-NVFP4-RadixArk/layer-00027-experts-0128-0255.safetensors
5873	/models/Qwen3.8-Flash-Next-NVFP4-RadixArk/layer-00027-experts-0256-0383.complete.json
354101064	/models/Qwen3.8-Flash-Next-NVFP4-RadixArk/layer-00027-experts-0256-0383.safetensors
5873	/models/Qwen3.8-Flash-Next-NVFP4-RadixArk/layer-00027-experts-0384-0511.complete.json
354101064	/models/Qwen3.8-Flash-Next-NVFP4-RadixArk/layer-00027-experts-0384-0511.safetensors
5871	/models/Qwen3.8-Flash-Next-NVFP4-RadixArk/layer-00028-experts-0000-0127.complete.json
354099744	/models/Qwen3.8-Flash-Next-NVFP4-RadixArk/layer-00028-experts-0000-0127.safetensors
5873	/models/Qwen3.8-Flash-Next-NVFP4-RadixArk/layer-00028-experts-0128-0255.complete.json
354101064	/models/Qwen3.8-Flash-Next-NVFP4-RadixArk/layer-00028-experts-0128-0255.safetensors
5873	/models/Qwen3.8-Flash-Next-NVFP4-RadixArk/layer-00028-experts-0256-0383.complete.json
354101064	/models/Qwen3.8-Flash-Next-NVFP4-RadixArk/layer-00028-experts-0256-0383.safetensors
5873	/models/Qwen3.8-Flash-Next-NVFP4-RadixArk/layer-00028-experts-0384-0511.complete.json
354101064	/models/Qwen3.8-Flash-Next-NVFP4-RadixArk/layer-00028-experts-0384-0511.safetensors
5871	/models/Qwen3.8-Flash-Next-NVFP4-RadixArk/layer-00029-experts-0000-0127.complete.json
354099744	/models/Qwen3.8-Flash-Next-NVFP4-RadixArk/layer-00029-experts-0000-0127.safetensors
5873	/models/Qwen3.8-Flash-Next-NVFP4-RadixArk/layer-00029-experts-0128-0255.complete.json
354101064	/models/Qwen3.8-Flash-Next-NVFP4-RadixArk/layer-00029-experts-0128-0255.safetensors
5873	/models/Qwen3.8-Flash-Next-NVFP4-RadixArk/layer-00029-experts-0256-0383.complete.json
354101064	/models/Qwen3.8-Flash-Next-NVFP4-RadixArk/layer-00029-experts-0256-0383.safetensors
5873	/models/Qwen3.8-Flash-Next-NVFP4-RadixArk/layer-00029-experts-0384-0511.complete.json
354101064	/models/Qwen3.8-Flash-Next-NVFP4-RadixArk/layer-00029-experts-0384-0511.safetensors
5871	/models/Qwen3.8-Flash-Next-NVFP4-RadixArk/layer-00030-experts-0000-0127.complete.json
354099744	/models/Qwen3.8-Flash-Next-NVFP4-RadixArk/layer-00030-experts-0000-0127.safetensors
5873	/models/Qwen3.8-Flash-Next-NVFP4-RadixArk/layer-00030-experts-0128-0255.complete.json
354101064	/models/Qwen3.8-Flash-Next-NVFP4-RadixArk/layer-00030-experts-0128-0255.safetensors
5873	/models/Qwen3.8-Flash-Next-NVFP4-RadixArk/layer-00030-experts-0256-0383.complete.json
354101064	/models/Qwen3.8-Flash-Next-NVFP4-RadixArk/layer-00030-experts-0256-0383.safetensors
5873	/models/Qwen3.8-Flash-Next-NVFP4-RadixArk/layer-00030-experts-0384-0511.complete.json
354101064	/models/Qwen3.8-Flash-Next-NVFP4-RadixArk/layer-00030-experts-0384-0511.safetensors
5871	/models/Qwen3.8-Flash-Next-NVFP4-RadixArk/layer-00031-experts-0000-0127.complete.json
354099744	/models/Qwen3.8-Flash-Next-NVFP4-RadixArk/layer-00031-experts-0000-0127.safetensors
5873	/models/Qwen3.8-Flash-Next-NVFP4-RadixArk/layer-00031-experts-0128-0255.complete.json
354101064	/models/Qwen3.8-Flash-Next-NVFP4-RadixArk/layer-00031-experts-0128-0255.safetensors
5873	/models/Qwen3.8-Flash-Next-NVFP4-RadixArk/layer-00031-experts-0256-0383.complete.json
354101064	/models/Qwen3.8-Flash-Next-NVFP4-RadixArk/layer-00031-experts-0256-0383.safetensors
5873	/models/Qwen3.8-Flash-Next-NVFP4-RadixArk/layer-00031-experts-0384-0511.complete.json
354101064	/models/Qwen3.8-Flash-Next-NVFP4-RadixArk/layer-00031-experts-0384-0511.safetensors
5871	/models/Qwen3.8-Flash-Next-NVFP4-RadixArk/layer-00032-experts-0000-0127.complete.json
354099744	/models/Qwen3.8-Flash-Next-NVFP4-RadixArk/layer-00032-experts-0000-0127.safetensors
5873	/models/Qwen3.8-Flash-Next-NVFP4-RadixArk/layer-00032-experts-0128-0255.complete.json
354101064	/models/Qwen3.8-Flash-Next-NVFP4-RadixArk/layer-00032-experts-0128-0255.safetensors
5873	/models/Qwen3.8-Flash-Next-NVFP4-RadixArk/layer-00032-experts-0256-0383.complete.json
354101064	/models/Qwen3.8-Flash-Next-NVFP4-RadixArk/layer-00032-experts-0256-0383.safetensors
5873	/models/Qwen3.8-Flash-Next-NVFP4-RadixArk/layer-00032-experts-0384-0511.complete.json
354101064	/models/Qwen3.8-Flash-Next-NVFP4-RadixArk/layer-00032-experts-0384-0511.safetensors
5871	/models/Qwen3.8-Flash-Next-NVFP4-RadixArk/layer-00033-experts-0000-0127.complete.json
354099744	/models/Qwen3.8-Flash-Next-NVFP4-RadixArk/layer-00033-experts-0000-0127.safetensors
5873	/models/Qwen3.8-Flash-Next-NVFP4-RadixArk/layer-00033-experts-0128-0255.complete.json
354101064	/models/Qwen3.8-Flash-Next-NVFP4-RadixArk/layer-00033-experts-0128-0255.safetensors
5873	/models/Qwen3.8-Flash-Next-NVFP4-RadixArk/layer-00033-experts-0256-0383.complete.json
354101064	/models/Qwen3.8-Flash-Next-NVFP4-RadixArk/layer-00033-experts-0256-0383.safetensors
5873	/models/Qwen3.8-Flash-Next-NVFP4-RadixArk/layer-00033-experts-0384-0511.complete.json
354101064	/models/Qwen3.8-Flash-Next-NVFP4-RadixArk/layer-00033-experts-0384-0511.safetensors
5871	/models/Qwen3.8-Flash-Next-NVFP4-RadixArk/layer-00034-experts-0000-0127.complete.json
354099744	/models/Qwen3.8-Flash-Next-NVFP4-RadixArk/layer-00034-experts-0000-0127.safetensors
5873	/models/Qwen3.8-Flash-Next-NVFP4-RadixArk/layer-00034-experts-0128-0255.complete.json
354101064	/models/Qwen3.8-Flash-Next-NVFP4-RadixArk/layer-00034-experts-0128-0255.safetensors
5873	/models/Qwen3.8-Flash-Next-NVFP4-RadixArk/layer-00034-experts-0256-0383.complete.json
354101064	/models/Qwen3.8-Flash-Next-NVFP4-RadixArk/layer-00034-experts-0256-0383.safetensors
5873	/models/Qwen3.8-Flash-Next-NVFP4-RadixArk/layer-00034-experts-0384-0511.complete.json
354101064	/models/Qwen3.8-Flash-Next-NVFP4-RadixArk/layer-00034-experts-0384-0511.safetensors
5871	/models/Qwen3.8-Flash-Next-NVFP4-RadixArk/layer-00035-experts-0000-0127.complete.json
354099744	/models/Qwen3.8-Flash-Next-NVFP4-RadixArk/layer-00035-experts-0000-0127.safetensors
5873	/models/Qwen3.8-Flash-Next-NVFP4-RadixArk/layer-00035-experts-0128-0255.complete.json
354101064	/models/Qwen3.8-Flash-Next-NVFP4-RadixArk/layer-00035-experts-0128-0255.safetensors
5873	/models/Qwen3.8-Flash-Next-NVFP4-RadixArk/layer-00035-experts-0256-0383.complete.json
354101064	/models/Qwen3.8-Flash-Next-NVFP4-RadixArk/layer-00035-experts-0256-0383.safetensors
5873	/models/Qwen3.8-Flash-Next-NVFP4-RadixArk/layer-00035-experts-0384-0511.complete.json
354101064	/models/Qwen3.8-Flash-Next-NVFP4-RadixArk/layer-00035-experts-0384-0511.safetensors
5871	/models/Qwen3.8-Flash-Next-NVFP4-RadixArk/layer-00036-experts-0000-0127.complete.json
354099744	/models/Qwen3.8-Flash-Next-NVFP4-RadixArk/layer-00036-experts-0000-0127.safetensors
5873	/models/Qwen3.8-Flash-Next-NVFP4-RadixArk/layer-00036-experts-0128-0255.complete.json
354101064	/models/Qwen3.8-Flash-Next-NVFP4-RadixArk/layer-00036-experts-0128-0255.safetensors
5873	/models/Qwen3.8-Flash-Next-NVFP4-RadixArk/layer-00036-experts-0256-0383.complete.json
354101064	/models/Qwen3.8-Flash-Next-NVFP4-RadixArk/layer-00036-experts-0256-0383.safetensors
5873	/models/Qwen3.8-Flash-Next-NVFP4-RadixArk/layer-00036-experts-0384-0511.complete.json
354101064	/models/Qwen3.8-Flash-Next-NVFP4-RadixArk/layer-00036-experts-0384-0511.safetensors
5871	/models/Qwen3.8-Flash-Next-NVFP4-RadixArk/layer-00037-experts-0000-0127.complete.json
354099744	/models/Qwen3.8-Flash-Next-NVFP4-RadixArk/layer-00037-experts-0000-0127.safetensors
5873	/models/Qwen3.8-Flash-Next-NVFP4-RadixArk/layer-00037-experts-0128-0255.complete.json
354101064	/models/Qwen3.8-Flash-Next-NVFP4-RadixArk/layer-00037-experts-0128-0255.safetensors
5873	/models/Qwen3.8-Flash-Next-NVFP4-RadixArk/layer-00037-experts-0256-0383.complete.json
354101064	/models/Qwen3.8-Flash-Next-NVFP4-RadixArk/layer-00037-experts-0256-0383.safetensors
5873	/models/Qwen3.8-Flash-Next-NVFP4-RadixArk/layer-00037-experts-0384-0511.complete.json
354101064	/models/Qwen3.8-Flash-Next-NVFP4-RadixArk/layer-00037-experts-0384-0511.safetensors
5871	/models/Qwen3.8-Flash-Next-NVFP4-RadixArk/layer-00038-experts-0000-0127.complete.json
354099744	/models/Qwen3.8-Flash-Next-NVFP4-RadixArk/layer-00038-experts-0000-0127.safetensors
5873	/models/Qwen3.8-Flash-Next-NVFP4-RadixArk/layer-00038-experts-0128-0255.complete.json
354101064	/models/Qwen3.8-Flash-Next-NVFP4-RadixArk/layer-00038-experts-0128-0255.safetensors
5873	/models/Qwen3.8-Flash-Next-NVFP4-RadixArk/layer-00038-experts-0256-0383.complete.json
354101064	/models/Qwen3.8-Flash-Next-NVFP4-RadixArk/layer-00038-experts-0256-0383.safetensors
5873	/models/Qwen3.8-Flash-Next-NVFP4-RadixArk/layer-00038-experts-0384-0511.complete.json
354101064	/models/Qwen3.8-Flash-Next-NVFP4-RadixArk/layer-00038-experts-0384-0511.safetensors
5871	/models/Qwen3.8-Flash-Next-NVFP4-RadixArk/layer-00039-experts-0000-0127.complete.json
354099744	/models/Qwen3.8-Flash-Next-NVFP4-RadixArk/layer-00039-experts-0000-0127.safetensors
5873	/models/Qwen3.8-Flash-Next-NVFP4-RadixArk/layer-00039-experts-0128-0255.complete.json
354101064	/models/Qwen3.8-Flash-Next-NVFP4-RadixArk/layer-00039-experts-0128-0255.safetensors
5873	/models/Qwen3.8-Flash-Next-NVFP4-RadixArk/layer-00039-experts-0256-0383.complete.json
354101064	/models/Qwen3.8-Flash-Next-NVFP4-RadixArk/layer-00039-experts-0256-0383.safetensors
5873	/models/Qwen3.8-Flash-Next-NVFP4-RadixArk/layer-00039-experts-0384-0511.complete.json
354101064	/models/Qwen3.8-Flash-Next-NVFP4-RadixArk/layer-00039-experts-0384-0511.safetensors
5871	/models/Qwen3.8-Flash-Next-NVFP4-RadixArk/layer-00040-experts-0000-0127.complete.json
354099744	/models/Qwen3.8-Flash-Next-NVFP4-RadixArk/layer-00040-experts-0000-0127.safetensors
5873	/models/Qwen3.8-Flash-Next-NVFP4-RadixArk/layer-00040-experts-0128-0255.complete.json
354101064	/models/Qwen3.8-Flash-Next-NVFP4-RadixArk/layer-00040-experts-0128-0255.safetensors
5873	/models/Qwen3.8-Flash-Next-NVFP4-RadixArk/layer-00040-experts-0256-0383.complete.json
354101064	/models/Qwen3.8-Flash-Next-NVFP4-RadixArk/layer-00040-experts-0256-0383.safetensors
5873	/models/Qwen3.8-Flash-Next-NVFP4-RadixArk/layer-00040-experts-0384-0511.complete.json
354101064	/models/Qwen3.8-Flash-Next-NVFP4-RadixArk/layer-00040-experts-0384-0511.safetensors
5871	/models/Qwen3.8-Flash-Next-NVFP4-RadixArk/layer-00041-experts-0000-0127.complete.json
354099744	/models/Qwen3.8-Flash-Next-NVFP4-RadixArk/layer-00041-experts-0000-0127.safetensors
5873	/models/Qwen3.8-Flash-Next-NVFP4-RadixArk/layer-00041-experts-0128-0255.complete.json
354101064	/models/Qwen3.8-Flash-Next-NVFP4-RadixArk/layer-00041-experts-0128-0255.safetensors
5873	/models/Qwen3.8-Flash-Next-NVFP4-RadixArk/layer-00041-experts-0256-0383.complete.json
354101064	/models/Qwen3.8-Flash-Next-NVFP4-RadixArk/layer-00041-experts-0256-0383.safetensors
5873	/models/Qwen3.8-Flash-Next-NVFP4-RadixArk/layer-00041-experts-0384-0511.complete.json
354101064	/models/Qwen3.8-Flash-Next-NVFP4-RadixArk/layer-00041-experts-0384-0511.safetensors
5871	/models/Qwen3.8-Flash-Next-NVFP4-RadixArk/layer-00042-experts-0000-0127.complete.json
354099744	/models/Qwen3.8-Flash-Next-NVFP4-RadixArk/layer-00042-experts-0000-0127.safetensors
5873	/models/Qwen3.8-Flash-Next-NVFP4-RadixArk/layer-00042-experts-0128-0255.complete.json
354101064	/models/Qwen3.8-Flash-Next-NVFP4-RadixArk/layer-00042-experts-0128-0255.safetensors
5873	/models/Qwen3.8-Flash-Next-NVFP4-RadixArk/layer-00042-experts-0256-0383.complete.json
354101064	/models/Qwen3.8-Flash-Next-NVFP4-RadixArk/layer-00042-experts-0256-0383.safetensors
5873	/models/Qwen3.8-Flash-Next-NVFP4-RadixArk/layer-00042-experts-0384-0511.complete.json
354101064	/models/Qwen3.8-Flash-Next-NVFP4-RadixArk/layer-00042-experts-0384-0511.safetensors
5871	/models/Qwen3.8-Flash-Next-NVFP4-RadixArk/layer-00043-experts-0000-0127.complete.json
354099744	/models/Qwen3.8-Flash-Next-NVFP4-RadixArk/layer-00043-experts-0000-0127.safetensors
5873	/models/Qwen3.8-Flash-Next-NVFP4-RadixArk/layer-00043-experts-0128-0255.complete.json
354101064	/models/Qwen3.8-Flash-Next-NVFP4-RadixArk/layer-00043-experts-0128-0255.safetensors
5873	/models/Qwen3.8-Flash-Next-NVFP4-RadixArk/layer-00043-experts-0256-0383.complete.json
354101064	/models/Qwen3.8-Flash-Next-NVFP4-RadixArk/layer-00043-experts-0256-0383.safetensors
5873	/models/Qwen3.8-Flash-Next-NVFP4-RadixArk/layer-00043-experts-0384-0511.complete.json
354101064	/models/Qwen3.8-Flash-Next-NVFP4-RadixArk/layer-00043-experts-0384-0511.safetensors
5871	/models/Qwen3.8-Flash-Next-NVFP4-RadixArk/layer-00044-experts-0000-0127.complete.json
354099744	/models/Qwen3.8-Flash-Next-NVFP4-RadixArk/layer-00044-experts-0000-0127.safetensors
5873	/models/Qwen3.8-Flash-Next-NVFP4-RadixArk/layer-00044-experts-0128-0255.complete.json
354101064	/models/Qwen3.8-Flash-Next-NVFP4-RadixArk/layer-00044-experts-0128-0255.safetensors
5873	/models/Qwen3.8-Flash-Next-NVFP4-RadixArk/layer-00044-experts-0256-0383.complete.json
354101064	/models/Qwen3.8-Flash-Next-NVFP4-RadixArk/layer-00044-experts-0256-0383.safetensors
5873	/models/Qwen3.8-Flash-Next-NVFP4-RadixArk/layer-00044-experts-0384-0511.complete.json
354101064	/models/Qwen3.8-Flash-Next-NVFP4-RadixArk/layer-00044-experts-0384-0511.safetensors
5871	/models/Qwen3.8-Flash-Next-NVFP4-RadixArk/layer-00045-experts-0000-0127.complete.json
354099744	/models/Qwen3.8-Flash-Next-NVFP4-RadixArk/layer-00045-experts-0000-0127.safetensors
5873	/models/Qwen3.8-Flash-Next-NVFP4-RadixArk/layer-00045-experts-0128-0255.complete.json
354101064	/models/Qwen3.8-Flash-Next-NVFP4-RadixArk/layer-00045-experts-0128-0255.safetensors
5873	/models/Qwen3.8-Flash-Next-NVFP4-RadixArk/layer-00045-experts-0256-0383.complete.json
354101064	/models/Qwen3.8-Flash-Next-NVFP4-RadixArk/layer-00045-experts-0256-0383.safetensors
5873	/models/Qwen3.8-Flash-Next-NVFP4-RadixArk/layer-00045-experts-0384-0511.complete.json
354101064	/models/Qwen3.8-Flash-Next-NVFP4-RadixArk/layer-00045-experts-0384-0511.safetensors
5871	/models/Qwen3.8-Flash-Next-NVFP4-RadixArk/layer-00046-experts-0000-0127.complete.json
354099744	/models/Qwen3.8-Flash-Next-NVFP4-RadixArk/layer-00046-experts-0000-0127.safetensors
5873	/models/Qwen3.8-Flash-Next-NVFP4-RadixArk/layer-00046-experts-0128-0255.complete.json
354101064	/models/Qwen3.8-Flash-Next-NVFP4-RadixArk/layer-00046-experts-0128-0255.safetensors
5873	/models/Qwen3.8-Flash-Next-NVFP4-RadixArk/layer-00046-experts-0256-0383.complete.json
354101064	/models/Qwen3.8-Flash-Next-NVFP4-RadixArk/layer-00046-experts-0256-0383.safetensors
5873	/models/Qwen3.8-Flash-Next-NVFP4-RadixArk/layer-00046-experts-0384-0511.complete.json
354101064	/models/Qwen3.8-Flash-Next-NVFP4-RadixArk/layer-00046-experts-0384-0511.safetensors
5871	/models/Qwen3.8-Flash-Next-NVFP4-RadixArk/layer-00047-experts-0000-0127.complete.json
354099744	/models/Qwen3.8-Flash-Next-NVFP4-RadixArk/layer-00047-experts-0000-0127.safetensors
5873	/models/Qwen3.8-Flash-Next-NVFP4-RadixArk/layer-00047-experts-0128-0255.complete.json
354101064	/models/Qwen3.8-Flash-Next-NVFP4-RadixArk/layer-00047-experts-0128-0255.safetensors
5873	/models/Qwen3.8-Flash-Next-NVFP4-RadixArk/layer-00047-experts-0256-0383.complete.json
354101064	/models/Qwen3.8-Flash-Next-NVFP4-RadixArk/layer-00047-experts-0256-0383.safetensors
5873	/models/Qwen3.8-Flash-Next-NVFP4-RadixArk/layer-00047-experts-0384-0511.complete.json
354101064	/models/Qwen3.8-Flash-Next-NVFP4-RadixArk/layer-00047-experts-0384-0511.safetensors
3353259	/models/Qwen3.8-Flash-Next-NVFP4-RadixArk/merges.txt
1273114461	/models/Qwen3.8-Flash-Next-NVFP4-RadixArk/model-bf16-00001.safetensors
323564201	/models/Qwen3.8-Flash-Next-NVFP4-RadixArk/model-bf16-00010.safetensors
10727387912	/models/Qwen3.8-Flash-Next-NVFP4-RadixArk/model-bf16-00011.safetensors
3683689888	/models/Qwen3.8-Flash-Next-NVFP4-RadixArk/model-bf16-00012.safetensors
5200027199	/models/Qwen3.8-Flash-Next-NVFP4-RadixArk/model-plefp8-00000.safetensors
5200027202	/models/Qwen3.8-Flash-Next-NVFP4-RadixArk/model-plefp8-00001.safetensors
5200027198	/models/Qwen3.8-Flash-Next-NVFP4-RadixArk/model-plefp8-00002.safetensors
5200027189	/models/Qwen3.8-Flash-Next-NVFP4-RadixArk/model-plefp8-00003.safetensors
5200027190	/models/Qwen3.8-Flash-Next-NVFP4-RadixArk/model-plefp8-00004.safetensors
5200027190	/models/Qwen3.8-Flash-Next-NVFP4-RadixArk/model-plefp8-00005.safetensors
5200027190	/models/Qwen3.8-Flash-Next-NVFP4-RadixArk/model-plefp8-00006.safetensors
5200027190	/models/Qwen3.8-Flash-Next-NVFP4-RadixArk/model-plefp8-00007.safetensors
5200027190	/models/Qwen3.8-Flash-Next-NVFP4-RadixArk/model-plefp8-00008.safetensors
4400023163	/models/Qwen3.8-Flash-Next-NVFP4-RadixArk/model-plefp8-00009.safetensors
34258807	/models/Qwen3.8-Flash-Next-NVFP4-RadixArk/model.safetensors.index.json
390	/models/Qwen3.8-Flash-Next-NVFP4-RadixArk/preprocessor_config.json
3253	/models/Qwen3.8-Flash-Next-NVFP4-RadixArk/qualification-notes.md
389	/models/Qwen3.8-Flash-Next-NVFP4-RadixArk/smoke_report.json
12809320	/models/Qwen3.8-Flash-Next-NVFP4-RadixArk/tokenizer.json
17928	/models/Qwen3.8-Flash-Next-NVFP4-RadixArk/tokenizer_config.json
336	/models/Qwen3.8-Flash-Next-NVFP4-RadixArk/validate_checkpoint_report.json
149	/models/Qwen3.8-Flash-Next-NVFP4-RadixArk/validate_scales_report.json
385	/models/Qwen3.8-Flash-Next-NVFP4-RadixArk/video_preprocessor_config.json
6722759	/models/Qwen3.8-Flash-Next-NVFP4-RadixArk/vocab.json
